Seq1,Seq2,Distance
HXB2,>B|FR|A04321|1983,0.00622159
HXB2,B|JP|AB640165|2003,0.0210559
HXB2,B|JP|AB640522|2003,0.0217044
HXB2,B|US|AF004394|1986,0.0248039
HXB2,B|US|AF040579|-,0.0249512
HXB2,B|US|AF040611|-,0.0159245
HXB2,B|AU|AF042100|1986,0.0182674
HXB2,B|US|AF049494|-,0.0220966
HXB2,B|US|AF049495|-,0.0240881
HXB2,B|US|AF072937|-,0.0128526
HXB2,B|US|AF072946|-,0.0240225
HXB2,B|US|AF072959|-,0.00890184
HXB2,B|CH|AF077685|-,0.0239913
HXB2,B|CH|AF077687|-,0.0169963
HXB2,B|CH|AF077688|-,0.0190293
HXB2,B|CH|AF077689|-,0.0180152
HXB2,B|CH|AF077690|-,0.0220351
HXB2,B|CH|AF077691|-,0.0190152
HXB2,B|CH|AF077703|-,0.0219096
HXB2,B|CH|AF077704|-,0.0199421
HXB2,B|CH|AF077705|-,0.0199117
HXB2,B|CH|AF077706|-,0.0179152
HXB2,B|CH|AF077707|-,0.0209687
HXB2,B|CH|AF077708|-,0.0229713
HXB2,B|CH|AF077710|-,0.0230123
HXB2,B|CH|AF077711|-,0.0231277
HXB2,B|US|AF079464|-,0.0199136
HXB2,B|US|AF079465|-,0.0249998
HXB2,B|US|AF079466|-,0.0209813
HXB2,B|US|AF079467|-,0.0209086
HXB2,B|US|AF079468|-,0.0189602
HXB2,B|US|AF079469|-,0.0169471
HXB2,B|US|AF079470|-,0.0199366
HXB2,B|BR|AF112893|1997,0.0249787
HXB2,B|BR|AF112910|1997,0.0209721
HXB2,B|BR|AF112917|1997,0.0189582
HXB2,B|BR|AF112938|1997,0.0240233
HXB2,B|BR|AF112944|1997,0.022996
HXB2,B|US|AF124543|-,0.0223706
HXB2,B|US|AF156043|1993,0.0239653
HXB2,B|US|AF156068|1993,0.0242351
HXB2,B|US|AF156082|1993,0.0229462
HXB2,B|US|AF156083|1993,0.021985
HXB2,B|US|AF166014|1993,0.0240184
HXB2,B|US|AF166040|1993,0.0240477
HXB2,B|ES|AF168169|1995,0.0193375
HXB2,B|US|AF198039|1993,0.0208845
HXB2,B|US|AF198391|-,0.023957
HXB2,B|US|AF198406|-,0.0239202
HXB2,B|US|AF198421|-,0.0229951
HXB2,B|US|AF198425|-,0.0198958
HXB2,B|US|AF198428|-,0.0209817
HXB2,B|US|AF198429|-,0.0240532
HXB2,B|US|AF198430|-,0.0239105
HXB2,B|US|AF242327|-,0.0228186
HXB2,B|US|AF242338|-,0.0249912
HXB2,B|IT|AF251942|1997,0.0242423
HXB2,B|IT|AF251949|1997,0.00763058
HXB2,B|IT|AF251984|1997,0.0238948
HXB2,B|IT|AF252012|-,0.0249855
HXB2,B|IT|AF252022|-,0.0199096
HXB2,B|IT|AF252088|-,0.0244941
HXB2,B|ES|AF256204|1989,0.0247826
HXB2,B|US|AF357654|1998,0.022258
HXB2,B|US|AF357658|1998,0.02431
HXB2,B|US|AF357725|1998,0.022822
HXB2,B|US|AF357735|1998,0.0249116
HXB2,B|US|AF357755|1998,0.0231012
HXB2,B|PR|AF373733|-,0.024663
HXB2,B|US|AF373741|-,0.0215634
HXB2,B|IT|AF376562|1997,0.0217835
HXB2,B|IT|AF376594|1997,0.0234198
HXB2,B|IT|AF376647|1997,0.0234725
HXB2,B|IT|AF376654|1997,0.0221073
HXB2,B|IT|AF376676|1997,0.0239831
HXB2,B|IT|AF376694|1997,0.0248052
HXB2,B|US|AF395353|-,0.0241823
HXB2,B|US|AF395358|-,0.0211712
HXB2,B|US|AF395380|-,0.0244202
HXB2,B|US|AF395388|-,0.0244226
HXB2,B|US|AF395390|-,0.0174553
HXB2,B|US|AF395399|-,0.0249063
HXB2,B|US|AF395403|-,0.0227132
HXB2,B|CU|AF425465|1999,0.0235026
HXB2,B|CU|AF425474|1999,0.0213369
HXB2,B|US|AF427235|1999,0.0170338
HXB2,B|US|AF427295|1999,0.0221505
HXB2,B|US|AF427298|1999,0.0241048
HXB2,B|AR|AF456616|-,0.0244447
HXB2,B|US|AF459102|-,0.0222384
HXB2,B|US|AF459114|-,0.0211587
HXB2,B|US|AF459117|-,0.0179396
HXB2,B|US|AF459122|-,0.024332
HXB2,B|US|AF459129|-,0.0222837
HXB2,B|US|AF459134|-,0.0190626
HXB2,B|US|AF459137|-,0.0031291
HXB2,B|US|AF459139|-,0.0136981
HXB2,B|US|AF459141|-,0.0137007
HXB2,B|US|AF459147|-,0.0136923
HXB2,B|US|AF459149|-,0.0233269
HXB2,B|US|AF459154|-,0.00312259
HXB2,B|US|AF459155|-,0.0222235
HXB2,B|US|AF459156|-,0.00732388
HXB2,B|US|AF459161|-,0.0125761
HXB2,B|US|AF459162|-,0.0125911
HXB2,B|US|AF459163|-,0.0115482
HXB2,B|US|AF459187|-,0.0244142
HXB2,B|US|AF459191|-,0.0222213
HXB2,B|US|AF459209|-,0.0222407
HXB2,B|FR|AF487122|1992,0.0165288
HXB2,B|GB|AF494124|-,0.0201634
HXB2,B|GB|AF494126|-,0.0240501
HXB2,B|IT|AF517255|-,0.0234232
HXB2,B|IT|AF517266|-,0.0240054
HXB2,B|IT|AF517290|-,0.0228744
HXB2,B|AU|AF538303|1999,0.0247685
HXB2,B|DK|AJ419469|2000,0.02322
HXB2,B|DK|AJ419521|2000,0.0193659
HXB2,B|DK|AJ419522|2000,0.0208659
HXB2,B|FR|AJ577726|2000,0.0243604
HXB2,B|FR|AJ577741|2001,0.0227971
HXB2,B|FR|AJ577871|2002,0.0243275
HXB2,B|FR|AJ577874|2000,0.0168818
HXB2,B|FR|AJ577962|2002,0.0241061
HXB2,B|DK|AJ582143|-,0.0171136
HXB2,B|DK|AJ582146|-,0.0242777
HXB2,B|DK|AJ582147|-,0.0239594
HXB2,B|DK|AJ582153|-,0.0243073
HXB2,B|DK|AJ582156|-,0.0212934
HXB2,B|DK|AJ582157|-,0.0222602
HXB2,B|SI|AJ971112|2000,0.0241118
HXB2,B|GL|AM285257|2000,0.0244179
HXB2,B|DK|AM933287|2000,0.0235021
HXB2,B|US|AY002059|-,0.0239065
HXB2,B|US|AY002350|-,0.0218465
HXB2,B|US|AY003336|-,0.0229011
HXB2,B|US|AY003364|-,0.0249985
HXB2,B|US|AY030432|1997,0.0235364
HXB2,B|US|AY030444|1997,0.0244237
HXB2,B|US|AY030538|1998,0.0227679
HXB2,B|US|AY030589|1998,0.0241489
HXB2,B|US|AY030867|1999,0.0214632
HXB2,B|US|AY030886|1999,0.0207027
HXB2,B|US|AY030930|1999,0.0235097
HXB2,B|US|AY030951|1998,0.02363
HXB2,B|US|AY031011|1999,0.0236353
HXB2,B|US|AY031016|1999,0.0228976
HXB2,B|US|AY031111|1999,0.0232976
HXB2,B|US|AY031131|1999,0.0243629
HXB2,B|US|AY031185|1999,0.0228708
HXB2,B|US|AY031224|1999,0.0238825
HXB2,B|US|AY031234|1999,0.0246852
HXB2,B|US|AY031239|1999,0.0236131
HXB2,B|US|AY031242|1999,0.0208437
HXB2,B|US|AY031436|1999,0.018438
HXB2,B|US|AY031465|1999,0.0240228
HXB2,B|US|AY031537|1999,0.0240374
HXB2,B|US|AY031541|1999,0.0183159
HXB2,B|US|AY031553|1999,0.0241274
HXB2,B|US|AY031562|1999,0.0225569
HXB2,B|US|AY031578|1999,0.0204318
HXB2,B|US|AY031625|1999,0.0166987
HXB2,B|US|AY031627|1999,0.0247329
HXB2,B|US|AY031696|1999,0.0239702
HXB2,B|US|AY031825|1999,0.0218408
HXB2,B|US|AY031839|1999,0.0219153
HXB2,B|US|AY031905|1999,0.0244222
HXB2,B|US|AY031910|1999,0.0227618
HXB2,B|US|AY031963|1999,0.0241732
HXB2,B|US|AY031998|1999,0.0230963
HXB2,B|US|AY032046|1999,0.0220791
HXB2,B|US|AY032119|2000,0.0226668
HXB2,B|US|AY032132|2000,0.0236318
HXB2,B|US|AY032160|2000,0.0204473
HXB2,B|US|AY032174|2000,0.0181405
HXB2,B|US|AY032193|2000,0.0245523
HXB2,B|US|AY032310|2000,0.0247548
HXB2,B|US|AY032316|2000,0.0160745
HXB2,B|US|AY032398|2000,0.0231855
HXB2,B|US|AY032405|2000,0.0225961
HXB2,B|US|AY032454|2000,0.020623
HXB2,B|US|AY032570|2000,0.0238861
HXB2,B|SD|AY102490|1999,0.0183278
HXB2,B|SE|AY165198|1998,0.0241257
HXB2,B|US|AY209623|-,0.0239541
HXB2,B|BR|AY213546|2001,0.0249738
HXB2,B|IT|AY267782|-,0.0138834
HXB2,B|IT|AY267783|-,0.0214068
HXB2,B|ES|AY315977|-,0.0235083
HXB2,B|ES|AY316016|-,0.023762
HXB2,B|ES|AY316020|-,0.0225487
HXB2,B|ES|AY316021|-,0.0244656
HXB2,B|ES|AY316022|-,0.0248246
HXB2,B|ES|AY316023|-,0.0244468
HXB2,B|ES|AY316045|-,0.0242383
HXB2,B|ES|AY316047|-,0.0233105
HXB2,B|ES|AY316086|-,0.0238278
HXB2,B|US|AY352275|1984,0.0248081
HXB2,B|GB|AY362061|1999,0.0205548
HXB2,B|GB|AY362062|1999,0.0243676
HXB2,B|GB|AY362132|1999,0.0249078
HXB2,B|GB|AY362137|1999,0.0227001
HXB2,B|US|AY388811|-,0.0220216
HXB2,B|KR|AY392102|1991,0.0233284
HXB2,B|US|AY458750|2002,0.0245426
HXB2,B|US|AY458760|2001,0.0202604
HXB2,B|US|AY471887|1997,0.0230786
HXB2,B|US|AY471905|1997,0.0240518
HXB2,B|US|AY471914|1997,0.0242004
HXB2,B|US|AY471928|1997,0.0241699
HXB2,B|US|AY471982|1997,0.023093
HXB2,B|US|AY471986|1997,0.0200356
HXB2,B|US|AY471993|1997,0.0220188
HXB2,B|US|AY472009|1997,0.0240324
HXB2,B|GB|AY669890|2001,0.0236538
HXB2,B|GB|AY669931|2001,0.0236983
HXB2,B|GB|AY669951|2002,0.0247394
HXB2,B|GB|AY670062|2000,0.02475
HXB2,B|GB|AY670065|2001,0.0193015
HXB2,B|GB|AY670066|2000,0.0236483
HXB2,B|GB|AY670077|2002,0.0247437
HXB2,B|GB|AY670081|2002,0.024765
HXB2,B|BR|AY771563|1999,0.0232734
HXB2,B|US|AY835754|1983,0.0189699
HXB2,B|US|AY835757|1986,0.0208538
HXB2,B|US|AY835759|1982,0.0221546
HXB2,B|US|AY835762|1984,0.0202168
HXB2,B|US|AY835770|1983,0.0189228
HXB2,B|US|AY835774|1986,0.0241146
HXB2,B|US|AY835779|1984,0.0202035
HXB2,B|IT|AY855729|-,0.024965
HXB2,B|IT|AY855836|-,0.0245596
HXB2,B|US|AY859072|-,0.0244793
HXB2,B|US|AY964532|2002,0.0239699
HXB2,B|IT|AY994336|-,0.024709
HXB2,B|IT|AY995413|-,0.0236582
HXB2,B|FR|BD298114|1983,0.0037289
HXB2,B|GB|D10112|1983,0.0241123
HXB2,B|FR|D86069|1983,0.00559655
HXB2,B|US|DQ009814|2001,0.0238989
HXB2,B|US|DQ009831|2001,0.0208377
HXB2,B|US|DQ009835|2001,0.0233778
HXB2,B|US|DQ009856|2001,0.0239589
HXB2,B|UA|DQ055202|2001,0.0231828
HXB2,B|US|DQ097739|-,0.0190626
HXB2,B|MX|DQ150720|-,0.0244338
HXB2,B|BR|DQ156275|-,0.0197915
HXB2,B|BR|DQ156294|-,0.0242978
HXB2,B|ES|DQ157797|-,0.0156391
HXB2,B|GE|DQ205253|1998,0.0232765
HXB2,B|BR|DQ344016|2002,0.0246878
HXB2,B|IT|DQ369201|-,0.0248946
HXB2,B|IT|DQ369228|-,0.0241555
HXB2,B|IT|DQ370294|-,0.0247444
HXB2,B|US|DQ372141|1997,0.0233066
HXB2,B|MX|DQ631420|2005,0.0243294
HXB2,B|TW|DQ640275|1991,0.024188
HXB2,B|US|DQ832134|2005,0.0249707
HXB2,B|IE|DQ877830|2003,0.0249624
HXB2,B|DK|EF114265|-,0.0214613
HXB2,B|US|EF136845|2000,0.0240659
HXB2,B|CL|EF193951|-,0.0241768
HXB2,B|US|EF195320|2004,0.0249545
HXB2,B|US|EF195324|2004,0.0228106
HXB2,B|US|EF363124|2004,0.0176355
HXB2,B|CA|EF368604|-,0.0213755
HXB2,B|CA|EF368653|-,0.0216353
HXB2,B|CA|EF368712|-,0.0240658
HXB2,B|CA|EF368735|-,0.0249648
HXB2,B|CA|EF368874|-,0.0231283
HXB2,B|CA|EF368892|-,0.024032
HXB2,B|US|EF374511|1994,0.0199375
HXB2,B|US|EF374729|1994,0.0243139
HXB2,B|US|EF375050|1994,0.0199686
HXB2,B|US|EF375139|1994,0.0240461
HXB2,B|US|EF525496|1986,0.0200339
HXB2,B|US|EF525505|1987,0.0191835
HXB2,B|US|EF525513|1984,0.0194252
HXB2,B|US|EF525517|1987,0.0228498
HXB2,B|US|EF525521|1988,0.0193867
HXB2,B|IT|EF526181|-,0.014986
HXB2,B|US|EF548340|-,0.0235596
HXB2,B|US|EF548349|-,0.0235348
HXB2,B|US|EF548504|-,0.0192
HXB2,B|US|EF548515|-,0.0233657
HXB2,B|RU|EU345856|1999,0.0235022
HXB2,B|-|EU606384|2002,0.0242523
HXB2,B|-|EU606469|2002,0.0196921
HXB2,B|-|EU606546|2002,0.0243652
HXB2,B|-|EU606559|2002,0.021889
HXB2,B|-|EU606585|2002,0.0214171
HXB2,B|-|EU606658|2002,0.0246197
HXB2,B|-|EU606806|2002,0.0248041
HXB2,B|-|EU607080|2002,0.0233547
HXB2,B|-|EU607244|2002,0.0246915
HXB2,B|-|EU607265|2002,0.0240714
HXB2,B|-|EU607590|2002,0.0231181
HXB2,B|-|EU607591|2002,0.0248145
HXB2,B|-|EU607674|2002,0.0217188
HXB2,B|-|EU607715|2002,0.0233992
HXB2,B|-|EU607755|2002,0.0234316
HXB2,B|-|EU608001|2002,0.0221275
HXB2,B|-|EU608218|2002,0.0248779
HXB2,B|-|EU608324|2002,0.0247723
HXB2,B|-|EU608391|2002,0.0247289
HXB2,B|-|EU608493|2002,0.0246535
HXB2,B|-|EU608496|2002,0.0248808
HXB2,B|-|EU608603|2002,0.0230374
HXB2,B|-|EU608692|2002,0.0239549
HXB2,B|-|EU608747|2002,0.0240597
HXB2,B|-|EU608825|2002,0.0234492
HXB2,B|-|EU609089|2002,0.0248361
HXB2,B|-|EU609226|2002,0.0220332
HXB2,B|-|EU609407|2002,0.0243013
HXB2,B|-|EU609459|2002,0.0240558
HXB2,B|-|EU609566|2002,0.0230809
HXB2,B|-|EU609567|2002,0.0227465
HXB2,B|-|EU609648|2002,0.0241852
HXB2,B|-|EU609671|2002,0.0212408
HXB2,B|-|EU609915|2002,0.0208932
HXB2,B|-|EU609983|2002,0.0242416
HXB2,B|-|EU610083|2002,0.0236225
HXB2,B|-|EU610118|2003,0.0231667
HXB2,B|-|EU610215|2003,0.0248417
HXB2,B|-|EU610220|2003,0.0247008
HXB2,B|-|EU610486|2003,0.0232798
HXB2,B|-|EU610494|2003,0.0214563
HXB2,B|-|EU610574|2003,0.0212485
HXB2,B|-|EU610595|2003,0.0232552
HXB2,B|-|EU610668|2003,0.0239733
HXB2,B|-|EU610711|2003,0.0246494
HXB2,B|-|EU610768|2003,0.0195465
HXB2,B|-|EU610812|2003,0.0230573
HXB2,B|-|EU610830|2003,0.0221427
HXB2,B|-|EU610872|2003,0.0207413
HXB2,B|-|EU611216|2003,0.0233927
HXB2,B|-|EU611306|2003,0.0228577
HXB2,B|-|EU611415|2003,0.0232427
HXB2,B|-|EU611516|2003,0.022906
HXB2,B|-|EU611648|2003,0.0249165
HXB2,B|-|EU611706|2003,0.022908
HXB2,B|-|EU612061|2003,0.0191602
HXB2,B|-|EU612085|2003,0.0212332
HXB2,B|-|EU612151|2003,0.0231687
HXB2,B|-|EU612296|2003,0.0243996
HXB2,B|-|EU612338|2003,0.0199051
HXB2,B|-|EU612461|2003,0.0229319
HXB2,B|-|EU612530|2003,0.0246736
HXB2,B|-|EU612575|2003,0.0217155
HXB2,B|-|EU612676|2003,0.0248492
HXB2,B|-|EU612693|2003,0.0195142
HXB2,B|-|EU612858|2003,0.0244886
HXB2,B|-|EU612936|2003,0.0232045
HXB2,B|-|EU612982|2003,0.0243273
HXB2,B|-|EU613032|2003,0.0204927
HXB2,B|-|EU613053|2003,0.0230439
HXB2,B|-|EU613235|2003,0.0246658
HXB2,B|-|EU613324|2003,0.0242916
HXB2,B|-|EU613345|2003,0.0248371
HXB2,B|-|EU613457|2003,0.0226046
HXB2,B|-|EU613470|2003,0.0233782
HXB2,B|-|EU613567|2003,0.0217732
HXB2,B|-|EU613576|2003,0.0236891
HXB2,B|-|EU613581|2003,0.0238432
HXB2,B|-|EU613710|2003,0.0236705
HXB2,B|-|EU613834|2003,0.0247031
HXB2,B|-|EU613840|2003,0.0216929
HXB2,B|-|EU613855|2003,0.0236485
HXB2,B|-|EU613919|2003,0.0217122
HXB2,B|-|EU614067|2003,0.022678
HXB2,B|-|EU614175|2003,0.0230968
HXB2,B|-|EU614201|2003,0.024537
HXB2,B|-|EU614237|2003,0.0239189
HXB2,B|-|EU614252|2003,0.0240245
HXB2,B|-|EU614308|2003,0.0219925
HXB2,B|-|EU614467|2003,0.0244707
HXB2,B|-|EU614502|2003,0.0244801
HXB2,B|-|EU614549|2003,0.0212203
HXB2,B|-|EU615256|2003,0.0236538
HXB2,B|-|EU615460|2003,0.0238526
HXB2,B|-|EU615560|2003,0.0219421
HXB2,B|-|EU615674|2003,0.0221325
HXB2,B|-|EU615710|2003,0.0227607
HXB2,B|CZ|EU672660|-,0.0156035
HXB2,B|CZ|EU672661|-,0.0171728
HXB2,B|US|EU693597|1997,0.0232185
HXB2,B|US|EU693609|1998,0.0247498
HXB2,B|US|EU693713|1998,0.024921
HXB2,B|CA|EU693768|1997,0.0242273
HXB2,B|CA|EU693804|1999,0.0245481
HXB2,B|CA|EU693812|1996,0.020219
HXB2,B|US|EU693867|1989,0.0203196
HXB2,B|US|EU693868|1989,0.023837
HXB2,B|US|EU693870|1990,0.0246001
HXB2,B|US|EU693882|1995,0.0211919
HXB2,B|US|EU693884|1995,0.0217999
HXB2,B|US|EU693888|1997,0.0245425
HXB2,B|ES|EU822622|2006,0.0240074
HXB2,B|ES|EU822669|2007,0.020684
HXB2,B|FR|FJ030710|2003,0.0171479
HXB2,B|DK|FJ030713|1989,0.0243265
HXB2,B|DK|FJ030716|1993,0.0243564
HXB2,B|DK|FJ030719|1996,0.0212893
HXB2,B|DK|FJ030720|1987,0.0212478
HXB2,B|DK|FJ030722|1987,0.022305
HXB2,B|IT|FJ030741|1995,0.0223158
HXB2,B|DE|FJ030754|2000,0.0246296
HXB2,B|GB|FJ030790|2001,0.0248177
HXB2,B|GB|FJ030791|2000,0.0225917
HXB2,B|DE|FJ185106|2002,0.0227185
HXB2,B|DE|FJ185117|2002,0.0236827
HXB2,B|DE|FJ185123|2002,0.0208076
HXB2,B|BR|FJ405080|2005,0.0204775
HXB2,B|BR|FJ405099|2005,0.0249048
HXB2,B|ZA|FJ647145|1985,0.0189261
HXB2,B|VE|FJ659624|2005,0.0193901
HXB2,B|BR|FJ967010|2002,0.0240923
HXB2,B|ES|GQ399257|2003,0.0241224
HXB2,B|SE|GQ399291|2005,0.0243461
HXB2,B|NL|GQ400433|2003,0.0237291
HXB2,B|DK|GQ400454|2004,0.0234295
HXB2,B|SE|GQ400539|2005,0.0227097
HXB2,B|DE|GQ400894|2003,0.022131
HXB2,B|CH|GQ848127|1996,0.0235245
HXB2,B|CH|GU344106|2000,0.019195
HXB2,B|CH|GU344157|2001,0.0202103
HXB2,B|CH|GU344187|2001,0.0230993
HXB2,B|CH|GU344243|1996,0.021949
HXB2,B|CH|GU344258|1998,0.0249645
HXB2,B|CH|GU344267|1998,0.0234337
HXB2,B|CH|GU344357|1996,0.0247836
HXB2,B|CH|GU344361|1998,0.0232248
HXB2,B|CH|GU344384|1995,0.0190534
HXB2,B|CH|GU344388|1997,0.0238445
HXB2,B|CH|GU344397|1996,0.0173174
HXB2,B|CH|GU344399|1996,0.0178997
HXB2,B|CH|GU344402|1998,0.0237388
HXB2,B|CH|GU344421|1995,0.0238799
HXB2,B|CH|GU344422|1996,0.024385
HXB2,B|CH|GU344424|1996,0.0226132
HXB2,B|CH|GU344426|1996,0.0225642
HXB2,B|CH|GU344439|1997,0.0173482
HXB2,B|CH|GU344453|1999,0.019737
HXB2,B|CH|GU344455|1995,0.0241452
HXB2,B|CH|GU344459|1995,0.0248469
HXB2,B|CH|GU344468|1995,0.0229589
HXB2,B|CH|GU344484|1997,0.0235183
HXB2,B|CH|GU344497|1998,0.0242991
HXB2,B|CH|GU344501|1995,0.0167397
HXB2,B|CH|GU344503|2007,0.0227853
HXB2,B|CH|GU344509|1994,0.0212876
HXB2,B|CH|GU344510|1994,0.0248188
HXB2,B|CH|GU344515|1995,0.0244184
HXB2,B|CH|GU344518|1996,0.0224957
HXB2,B|CH|GU344522|1998,0.0239527
HXB2,B|CH|GU344555|1995,0.0207353
HXB2,B|CH|GU344578|1996,0.0211241
HXB2,B|CH|GU344581|1996,0.0232913
HXB2,B|CH|GU344583|1996,0.0196828
HXB2,B|CH|GU344585|1996,0.0244946
HXB2,B|CH|GU344586|1996,0.0249898
HXB2,B|CH|GU344596|1998,0.0226576
HXB2,B|CH|GU344599|1998,0.0236984
HXB2,B|CH|GU344607|2004,0.0208879
HXB2,B|CH|GU344613|1996,0.0234178
HXB2,B|CH|GU344633|1997,0.0184483
HXB2,B|CH|GU344651|1997,0.0248354
HXB2,B|CH|GU344665|1999,0.0235039
HXB2,B|CN|GU345584|2007,0.0228594
HXB2,B|CN|GU345600|2007,0.0248793
HXB2,B|CN|GU345605|2007,0.0248793
HXB2,B|VE|GU807516|2009,0.00343227
HXB2,B|LV|GU945117|2005,0.0231788
HXB2,B|LV|GU945168|2006,0.0248579
HXB2,B|ES|HM460462|2003,0.0197046
HXB2,B|ES|HM460470|2000,0.0244207
HXB2,B|ES|HM460474|2000,0.0220437
HXB2,B|ES|HM460475|2000,0.022791
HXB2,B|ES|HM460477|2000,0.0235432
HXB2,B|ES|HM460478|2000,0.0203732
HXB2,B|ES|HM460481|2000,0.0219046
HXB2,B|ES|HM460482|2000,0.0171916
HXB2,B|ES|HM460483|2000,0.0171659
HXB2,B|ES|HM460484|2000,0.0243635
HXB2,B|ES|HM460487|1996,0.0203609
HXB2,B|HN|HQ010600|2010,0.0206914
HXB2,B|HN|HQ010605|2010,0.0237611
HXB2,B|HN|HQ010621|2010,0.0242985
HXB2,B|BR|HQ127599|2009,0.0247395
HXB2,B|DK|HQ337258|1999,0.0208314
HXB2,B|ES|HQ426721|1994,0.0242404
HXB2,B|ES|HQ426804|1997,0.0233413
HXB2,B|ES|HQ426805|1993,0.0235587
HXB2,B|ES|HQ426806|1995,0.0237286
HXB2,B|ES|HQ426808|1995,0.021992
HXB2,B|ES|HQ426810|1995,0.0179822
HXB2,B|ES|HQ426825|1997,0.0229113
HXB2,B|ES|HQ426845|2006,0.0238881
HXB2,B|ES|HQ426863|2006,0.0239004
HXB2,B|ES|HQ426881|2000,0.0237251
HXB2,B|ME|HQ655117|-,0.0235792
HXB2,B|US|JF689859|2005,0.0163552
HXB2,B|US|JF689873|2006,0.0234195
HXB2,B|AU|JF895234|-,0.0207953
HXB2,B|AU|JF895261|-,0.0223484
HXB2,B|GB|JN100774|2004,0.0246924
HXB2,B|GB|JN100880|1998,0.0245202
HXB2,B|GB|JN100883|1998,0.0191613
HXB2,B|GB|JN100887|2006,0.0229968
HXB2,B|GB|JN101237|2004,0.0210351
HXB2,B|GB|JN101254|2006,0.0232442
HXB2,B|GB|JN101364|2001,0.0241593
HXB2,B|GB|JN101389|2004,0.0220092
HXB2,B|GB|JN101406|1998,0.0243909
HXB2,B|GB|JN101433|1997,0.0233853
HXB2,B|GB|JN101533|2000,0.02281
HXB2,B|GB|JN101535|2002,0.0236391
HXB2,B|GB|JN101687|2003,0.0241434
HXB2,B|GB|JN101839|2004,0.0236351
HXB2,B|GB|JN101867|2004,0.0231183
HXB2,B|BR|JN195838|2003,0.0243656
HXB2,B|US|JN214977|2009,0.0241652
HXB2,B|US|JN214998|2007,0.0228889
HXB2,B|US|JN215150|2009,0.0241636
HXB2,B|BR|JQ237986|-,0.0227014
HXB2,B|BR|JQ619612|1998,0.0247458
HXB2,B|NL|JQ650554|-,0.022965
HXB2,B|NL|JQ650561|-,0.022747
HXB2,B|NL|JQ650564|-,0.0223903
HXB2,B|NL|JQ650574|-,0.017743
HXB2,B|NL|JQ650578|-,0.0228093
HXB2,B|NL|JQ650586|-,0.0247165
HXB2,B|NL|JQ650595|-,0.0233184
HXB2,B|NL|JQ650620|-,0.0237667
HXB2,B|NL|JQ650647|-,0.0171851
HXB2,B|NL|JQ650656|-,0.0221671
HXB2,B|NL|JQ650673|-,0.0239985
HXB2,B|NL|JQ650685|-,0.0203836
HXB2,B|NL|JQ650695|-,0.0247651
HXB2,B|NL|JQ650719|-,0.0242245
HXB2,B|NL|JQ650746|-,0.0193264
HXB2,B|NL|JQ650770|-,0.0249392
HXB2,B|NL|JQ650779|-,0.0240837
HXB2,B|NL|JQ650791|-,0.022504
HXB2,B|NL|JQ650797|-,0.0208361
HXB2,B|NL|JQ650807|-,0.0237113
HXB2,B|NL|JQ650814|-,0.0171649
HXB2,B|NL|JQ650835|-,0.0216073
HXB2,B|NL|JQ650838|-,0.019644
HXB2,B|NL|JQ650848|-,0.0160853
HXB2,B|SE|JQ698675|2007,0.0243382
HXB2,B|US|JX160190|2006,0.0229753
HXB2,B|US|JX161269|2005,0.0238979
HXB2,B|ES|JX271342|2008,0.0249135
HXB2,B|ES|JX271478|2007,0.0233042
HXB2,B|RS|JX299883|2007,0.0228942
HXB2,B|DK|JX300108|2006,0.0243508
HXB2,B|DE|JX300434|2007,0.0247061
HXB2,B|SE|JX300545|2007,0.0218502
HXB2,B|DK|JX300706|2006,0.0239587
HXB2,B|DE|JX300794|2007,0.0236336
HXB2,B|MX|KC168241|2009,0.0244717
HXB2,B|MX|KC168289|2009,0.0187661
HXB2,B|MX|KC168353|2009,0.0179883
HXB2,B|MX|KC168524|2009,0.0235823
HXB2,B|MX|KC168593|2009,0.0216282
HXB2,B|MX|KC169321|2008,0.0237145
HXB2,B|MX|KC169617|2009,0.0219942
HXB2,B|AU|KC238042|2000,0.0242544
HXB2,B|AU|KC238195|2006,0.024806
HXB2,B|ES|KC340235|2003,0.0246725
HXB2,B|ES|KC340300|2005,0.0235316
HXB2,B|ES|KC340304|2003,0.0188035
HXB2,B|ES|KC340329|2003,0.0189268
HXB2,B|ES|KC340334|2003,0.0223105
HXB2,B|-|KC340346|2004,0.0242697
HXB2,B|ES|KC340348|2004,0.0207116
HXB2,B|ES|KC340350|2004,0.018875
HXB2,B|CN|KC352173|2007,0.0244366
HXB2,B|US|KC470337|2011,0.0241121
HXB2,B|MY|KC970946|2008,0.0240657
HXB2,B|RS|KF157421|2003,0.0233135
HXB2,B|NL|KF301702|1996,0.0222734
HXB2,B|BE|KF301709|1995,0.0235621
HXB2,B|US|KF469783|2001,0.0193318
HXB2,B|US|KF469926|1987,0.0138304
HXB2,B|US|KF470644|2002,0.0243289
HXB2,B|FR|U12055|1985,0.00497059
HXB2,B|DE|U43096|1986,0.0215108
HXB2,B|US|U69584|1985,0.0201944
HXB2,B|FR|K03455|1983,-0
HXB2,B|US|HQ609972|-,0.0231478
HXB2,B|US|HQ609980|-,0.0214255
HXB2,B|US|HQ610002|-,0.0230081
HXB2,B|US|HQ610008|-,0.0245568
HXB2,B|US|HQ610016|-,0.0197211
HXB2,B|US|HQ610023|-,0.0208284
HXB2,B|US|HQ610026|-,0.0177079
HXB2,B|US|HQ610030|-,0.0165648
HXB2,B|US|HQ610033|-,0.0239414
HXB2,B|US|HQ610034|-,0.0223766
HXB2,B|US|HQ610037|-,0.0182393
HXB2,B|US|HQ610040|-,0.0238015
HXB2,B|US|HQ610045|-,0.0219187
HXB2,B|US|HQ610051|-,0.020146
HXB2,B|US|HQ610054|-,0.0210962
HXB2,B|US|HQ610067|-,0.0227944
HXB2,B|US|HQ610070|-,0.0242956
HXB2,B|US|HQ610073|-,0.0242568
HXB2,B|US|HQ610075|-,0.0162736
HXB2,B|US|HQ610092|-,0.0160387
HXB2,B|US|HQ610096|-,0.0229531
HXB2,B|US|HQ610112|-,0.0247424
HXB2,B|BR|FJ967081|2004,0.0197791
HXB2,B|SE|GQ400349|2005,0.0244056
HXB2,B|US|EU011841|2003,0.0243231
HXB2,B|US|EU011842|2001,0.0197202
HXB2,B|BR|FJ967038|2003,0.0218947
HXB2,B|BR|AF009380|1992,0.0226324
HXB2,B|BR|AY929016|-,0.0233023
HXB2,B|BR|FJ967006|2002,0.0234906
HXB2,B|BR|EF042636|2004,0.0229092
HXB2,B|BO|JN710751|1996,0.0166558
HXB2,B|BO|JN710757|1996,0.0241882
HXB2,B|BO|JN710762|1996,0.0211745
HXB2,B|BO|JN710774|2005,0.0249392
HXB2,B|BO|JN710776|2005,0.0237552
HXB2,B|BO|JN710779|2005,0.0237317
HXB2,B|BR|FJ967009|2002,0.024105
HXB2,B|BR|FJ967087|2004,0.0191091
HXB2,B|BR|FJ967003|2002,0.0234334
HXB2,B|US|AY471882|1997,0.0216769
HXB2,B|BE|DQ061384|1996,0.0197912
HXB2,B|BE|DQ061386|1994,0.0209191
HXB2,B|BE|DQ177224|1989,0.0122868
HXB2,B|BE|DQ177231|1989,0.0172898
HXB2,B|BE|DQ177233|1989,0.023108
HXB2,B|US|AY032345|2000,0.0230208
HXB2,B|US|AY032505|2000,0.0186961
HXB2,B|US|HQ610124|-,0.0222222
HXB2,B|US|HQ610021|-,0.021202
HXB2,B|US|AY031859|1999,0.0249329
HXB2,B|BR|AY929043|-,0.0216795
HXB2,B|BR|EF042663|2005,0.0217755
HXB2,B|BR|AY999381|1998,0.0213702
HXB2,B|BR|AY999412|1998,0.0196812
HXB2,B|BR|AY999470|1998,0.0237595
HXB2,B|BR|AY999493|1998,0.0207465
HXB2,B|BR|AY999498|1998,0.0245101
HXB2,B|BR|AY999546|1998,0.0213807
HXB2,B|BR|AY999577|1998,0.0232732
HXB2,B|BR|AY999617|1998,0.023937
HXB2,B|BR|AY999633|1998,0.0220595
HXB2,B|BR|DQ003018|1998,0.0239501
HXB2,B|BR|DQ003021|1998,0.0238187
HXB2,B|DE|AF347201|2000,0.0246407
HXB2,B|BR|JN029705|2006,0.0171293
HXB2,B|BR|JN029718|2006,0.0192911
HXB2,B|BR|JN029741|2006,0.0228645
HXB2,B|BR|AY929034|-,0.0220656
HXB2,B|BR|GU121192|2007,0.0212093
HXB2,B|BR|AY929038|-,0.0249968
HXB2,B|US|AF156087|1993,0.0186561
HXB2,B|US|BD210002|1984,0.0241863
HXB2,B|US|HB388803|-,0.0241863
HXB2,B|BR|KC286427|2009,0.0116657
HXB2,B|IT|AF252076|-,0.0223629
HXB2,B|IT|AF251953|1997,0.0230749
HXB2,B|US|AY458727|1999,0.0205399
HXB2,B|BR|AY441892|2000,0.0191192
HXB2,B|ES|HQ426802|1993,0.0236739
HXB2,B|FR|AY134453|1998,0.0214296
HXB2,B|MX|DQ150713|-,0.0187624
HXB2,B|US|AF088113|-,0.0242046
HXB2,B|IT|AF114267|-,0.0227913
HXB2,B|IT|AF114271|-,0.0198564
HXB2,B|IT|AF114274|-,0.0183705
HXB2,B|IT|AF114284|-,0.0241707
HXB2,B|IT|AF114292|-,0.0241346
HXB2,B|IT|AF114304|-,0.0214075
HXB2,B|IT|AF153379|-,0.0235535
HXB2,B|IT|AF153380|-,0.0243589
HXB2,B|IT|AF153393|-,0.0205382
HXB2,B|IT|AF153394|-,0.0248775
HXB2,B|IT|AF153397|-,0.0228249
HXB2,B|US|AF301293|-,0.0238064
HXB2,B|US|AF301344|-,0.0224535
HXB2,B|US|AF301350|-,0.0235491
HXB2,B|US|AF301355|-,0.0234631
HXB2,B|US|AF395407|-,0.0225764
HXB2,B|US|AF395408|-,0.0205433
HXB2,B|US|AF395412|-,0.0221831
HXB2,B|US|AF395417|-,0.0206168
HXB2,B|US|AF514002|1997,0.0210448
HXB2,B|US|AF514010|1998,0.0125239
HXB2,B|US|AF514097|1998,0.0201973
HXB2,B|LU|AF541450|-,0.0237316
HXB2,B|BE|AJ003204|-,0.02367
HXB2,B|DK|AJ302172|-,0.0232513
HXB2,B|DK|AJ302189|-,0.0217347
HXB2,B|DK|AJ302193|-,0.0234956
HXB2,B|DK|AJ305095|-,0.020523
HXB2,B|DK|AJ305101|-,0.0107942
HXB2,B|DK|AJ305105|-,0.0245297
HXB2,B|DK|AJ305107|-,0.0244455
HXB2,B|DK|AJ305108|-,0.0177779
HXB2,B|DK|AJ305111|-,0.0196997
HXB2,B|DK|AJ305112|-,0.0204436
HXB2,B|DK|AJ305115|-,0.00959018
HXB2,B|DK|AJ305116|-,0.0173184
HXB2,B|DK|AJ305119|-,0.0204743
HXB2,B|DK|AJ305125|-,0.0205624
HXB2,B|DK|AJ305126|-,0.0137748
HXB2,B|DK|AJ305128|-,0.0160688
HXB2,B|DK|AJ305129|-,0.0239243
HXB2,B|DK|AJ305130|-,0.0224812
HXB2,B|DK|AJ305131|-,0.0235319
HXB2,B|DK|AJ305132|-,0.0224392
HXB2,B|DK|AJ305134|-,0.0231283
HXB2,B|US|AX774258|-,0.0240556
HXB2,B|VE|AY016965|-,0.0246416
HXB2,B|VE|AY016968|-,0.0204198
HXB2,B|VE|AY016979|-,0.0238196
HXB2,B|VE|AY016983|-,0.024742
HXB2,B|VE|AY016986|-,0.0232111
HXB2,B|VE|AY017001|-,0.0232112
HXB2,B|FR|AY032669|-,0.0161917
HXB2,B|FR|AY032672|-,0.0173319
HXB2,B|FR|AY032673|-,0.0184923
HXB2,B|DE|AY063250|-,0.00868002
HXB2,B|DE|AY063251|-,0.0233726
HXB2,B|DE|AY063254|-,0.00858708
HXB2,B|DE|AY063258|-,0.0177617
HXB2,B|DE|AY063280|-,0.0237202
HXB2,B|DE|AY063286|-,0.023931
HXB2,B|DE|AY063287|-,0.0184502
HXB2,B|FR|AY134452|1998,0.020166
HXB2,B|US|AY156772|1995,0.0237871
HXB2,B|US|AY156794|1995,0.0223074
HXB2,B|JP|AY332279|-,0.017889
HXB2,B|ES|AY370150|1998,0.0219025
HXB2,B|BR|AY441884|2000,0.0222045
HXB2,B|US|AY800745|-,0.0241375
HXB2,B|US|AY800888|-,0.0214128
HXB2,B|US|AY800889|-,0.0222768
HXB2,B|US|AY800898|-,0.0187795
HXB2,B|US|AY800899|-,0.0151813
HXB2,B|US|AY800938|-,0.0230064
HXB2,B|US|AY801075|-,0.024108
HXB2,B|US|AY801286|-,0.0238322
HXB2,B|US|AY801287|-,0.0239997
HXB2,B|US|AY801383|-,0.0235191
HXB2,B|US|AY801410|-,0.02495
HXB2,B|US|AY801547|-,0.0213781
HXB2,B|US|AY801825|-,0.023437
HXB2,B|US|AY801870|-,0.021423
HXB2,B|US|AY801905|-,0.0245091
HXB2,B|US|AY802177|-,0.0240211
HXB2,B|US|AY802249|-,0.0246239
HXB2,B|US|AY802266|-,0.0230381
HXB2,B|US|AY802401|-,0.0222311
HXB2,B|US|AY802435|-,0.0244832
HXB2,B|US|AY802458|-,0.0196394
HXB2,B|US|AY802473|-,0.0229893
HXB2,B|US|AY802520|-,0.0247164
HXB2,B|US|AY802538|-,0.0184854
HXB2,B|US|AY802659|-,0.0245632
HXB2,B|US|AY802660|-,0.0234099
HXB2,B|DZ|AY828636|2003,0.0239494
HXB2,B|DZ|AY828689|2001,0.024216
HXB2,B|JP|AY917173|-,0.0237364
HXB2,B|JP|AY917177|-,0.0239333
HXB2,B|JP|AY917185|-,0.023581
HXB2,B|JP|AY917186|-,0.018754
HXB2,B|US|DQ316623|-,0.0235268
HXB2,B|-|E64335|-,0.00843295
HXB2,B|IT|EF376682|-,0.0226795
HXB2,B|IT|EF376705|-,0.0216074
HXB2,B|IT|EF376711|-,0.0227509
HXB2,B|IT|EF376717|-,0.0244043
HXB2,B|IT|EF376791|-,0.021967
HXB2,B|IT|EF376828|-,0.0207208
HXB2,B|IT|EF376836|-,0.0177881
HXB2,B|IT|EF376864|-,0.0242395
HXB2,B|IT|EF376919|-,0.0190811
HXB2,B|IT|EF376941|-,0.0242339
HXB2,B|IT|EF376947|-,0.0212823
HXB2,B|IT|EF376970|-,0.0235594
HXB2,B|BR|EF393874|2005,0.0240709
HXB2,B|GR|EF449365|2005,0.0247226
HXB2,B|DZ|EU743705|2005,0.0222411
HXB2,B|IN|FJ530784|2005,0.0052454
HXB2,B|US|FJ983236|2000,0.0193564
HXB2,B|US|FJ983527|2005,0.0239378
HXB2,B|VE|GQ202856|2007,0.0244758
HXB2,B|US|GQ206890|2002,0.0249238
HXB2,B|US|GQ206910|2002,0.0229296
HXB2,B|US|GQ206924|2002,0.0243621
HXB2,B|US|GQ206935|2002,0.0240503
HXB2,B|US|GQ206983|2002,0.0242415
HXB2,B|US|GQ207002|2002,0.018398
HXB2,B|US|GQ207024|2002,0.0226997
HXB2,B|US|GQ207027|2002,0.0241101
HXB2,B|US|GQ207043|2002,0.0240133
HXB2,B|US|GQ207061|2002,0.021802
HXB2,B|US|GQ207082|2003,0.0224308
HXB2,B|US|GQ207268|2003,0.0240481
HXB2,B|US|GQ207435|2003,0.0223882
HXB2,B|US|GQ207518|2003,0.0246751
HXB2,B|US|GQ207573|2003,0.023528
HXB2,B|US|GQ207599|2003,0.0247155
HXB2,B|US|GQ207662|2003,0.0244909
HXB2,B|US|GQ207755|2004,0.0239346
HXB2,B|US|GQ207993|2004,0.0240268
HXB2,B|US|GQ208047|2004,0.0245669
HXB2,B|US|GQ208108|2004,0.024576
HXB2,B|US|GQ210468|2004,0.0238754
HXB2,B|US|GQ210679|2005,0.0233293
HXB2,B|US|GQ210907|2005,0.0201192
HXB2,B|US|GQ211230|2005,0.0237751
HXB2,B|US|GQ211907|2006,0.0246462
HXB2,B|US|GQ211952|2006,0.0248451
HXB2,B|US|GQ213012|2007,0.0190039
HXB2,B|US|GQ213663|2008,0.0248789
HXB2,B|NL|GU301088|-,0.0189245
HXB2,B|CN|GU345477|2006,0.0238241
HXB2,B|US|HQ257193|-,0.0225279
HXB2,B|US|HQ257196|-,0.0249906
HXB2,B|US|HQ257207|-,0.021766
HXB2,B|FR|HQ717978|2006,0.0231433
HXB2,B|FR|HQ718191|2006,0.0209868
HXB2,B|FR|HQ718309|2006,0.0235631
HXB2,B|FR|HQ718314|2006,0.0205013
HXB2,B|FR|JQ291836|-,0.0249581
HXB2,B|FR|JQ292058|-,0.0249935
HXB2,B|FR|JQ292775|-,0.0189599
HXB2,B|FR|JQ395591|2011,0.0247202
HXB2,B|FR|JQ395605|2011,0.0175593
HXB2,B|FR|JQ395606|2011,0.0232062
HXB2,B|FR|JQ395625|2011,0.0247999
HXB2,B|FR|JQ395641|2011,0.0204311
HXB2,B|FR|JQ395668|2011,0.0239699
HXB2,B|FR|JQ395674|2011,0.0239589
HXB2,B|FR|JQ395693|2011,0.0239395
HXB2,B|FR|JQ395703|2011,0.0239293
HXB2,B|FR|JQ395731|2011,0.0204747
HXB2,B|FR|JQ395734|2011,0.0217697
HXB2,B|FR|JQ395739|2011,0.0225969
HXB2,B|FR|JQ395762|2011,0.0218778
HXB2,B|FR|JQ395767|2011,0.0182119
HXB2,B|FR|JQ395792|2011,0.0240781
HXB2,B|FR|JQ395801|2011,0.0211745
HXB2,B|FR|JQ395803|2011,0.0204414
HXB2,B|FR|JQ395846|2011,0.0204209
HXB2,B|FR|JQ395849|2011,0.0182967
HXB2,B|FR|JQ395856|2011,0.0239626
HXB2,B|FR|JQ395884|2011,0.0217723
HXB2,B|FR|JQ395886|2011,0.0240331
HXB2,B|FR|JQ395902|2011,0.0182049
HXB2,B|FR|JQ395904|2011,0.0226508
HXB2,B|FR|JQ395907|2011,0.0239667
HXB2,B|FR|JQ395938|2011,0.0190057
HXB2,B|FR|JQ395939|2011,0.0239959
HXB2,B|FR|JQ395954|2011,0.019622
HXB2,B|FR|JQ395957|2011,0.0182674
HXB2,B|FR|JQ395958|2011,0.0210205
HXB2,B|FR|JQ395973|2011,0.0232212
HXB2,B|FR|JQ395974|2011,0.0168175
HXB2,B|FR|JQ395978|2011,0.0210708
HXB2,B|FR|JQ395979|2011,0.0247438
HXB2,B|FR|JQ395987|2011,0.019672
HXB2,B|FR|JQ395998|2011,0.0219706
HXB2,B|FR|JQ396031|2011,0.0240466
HXB2,B|FR|JQ396061|2011,0.023236
HXB2,B|FR|JQ396068|2011,0.0247025
HXB2,B|FR|JQ396072|2011,0.0239337
HXB2,B|FR|JQ396080|2011,0.0232777
HXB2,B|FR|JQ396082|2011,0.0245874
HXB2,B|FR|JQ396085|2011,0.0239621
HXB2,B|FR|JQ396099|2011,0.0225215
HXB2,B|FR|JQ396126|2011,0.0241042
HXB2,B|FR|JQ396135|2011,0.0232694
HXB2,B|FR|JQ396144|2011,0.0203925
HXB2,B|FR|JQ396164|2011,0.0240088
HXB2,B|ES|KC340196|1999,0.0143227
HXB2,B|VE|U16777|1991,0.0248826
HXB2,B|CA|U82089|-,0.0211945
HXB2,B|CA|U82092|-,0.0212366
HXB2,B|CA|U82093|-,0.0241929
HXB2,B|CA|U82095|-,0.022634
HXB2,B|CA|U82096|-,0.0198069
HXB2,B|CA|U82098|-,0.0212266
HXB2,B|AU|Z31354|-,0.0244566
HXB2,B|LU|Z99318|-,0.0230635
HXB2,B|LU|Z99324|-,0.0197207
HXB2,B|US|AY801099|-,0.0239511
HXB2,B|US|AY802536|-,0.0246587
HXB2,B|VN|FJ007370|2007,0.0216629
HXB2,B|US|FJ983450|2003,0.0238221
HXB2,B|US|GQ206482|2001,0.0235564
HXB2,B|US|GQ206953|2002,0.0228067
HXB2,B|US|GQ208401|2004,0.0230207
HXB2,B|US|GQ210536|2005,0.020644
HXB2,B|US|GQ210934|2005,0.0239142
HXB2,B|US|GQ213218|2007,0.0246345
HXB2,B|DZ|AY828624|2001,0.0147088
HXB2,B|DZ|AY828665|2002,0.02289
HXB2,B|PL|EU910746|2007,0.0230506
HXB2,B|PL|EU910807|2007,0.017035
HXB2,B|PL|EU910737|2003,0.0155407
HXB2,B|BR|AY441870|2000,0.0188548
HXB2,B|DZ|AY828613|2001,0.0197033
HXB2,B|FR|AY535959|1999,0.0217523
HXB2,B|FR|AY535961|1999,0.0223556
HXB2,B|BR|EF393948|2006,0.022555
HXB2,B|FR|HQ718123|2006,0.017853
HXB2,B|PL|EU910735|2002,0.0234022
HXB2,B|SE|L39023|1987,0.0177138
HXB2,B|SE|L39031|1987,0.0144358
HXB2,B|SE|L39032|1987,0.0160459
HXB2,B|SE|L39034|1987,0.0243199
HXB2,B|SE|L39035|1987,0.0184731
HXB2,B|SE|L39042|1987,0.0234283
HXB2,B|SE|L39045|1987,0.0211288
HXB2,B|SE|L39046|1987,0.0194156
HXB2,B|SE|L39047|1987,0.0226254
HXB2,B|AU|U64114|-,0.0221941
HXB2,B|AU|U64133|1990,0.0246712
HXB2,B|DZ|AY828654|2002,0.0220244
HXB2,B|AU|U64109|1990,0.0139494
HXB2,B|AU|U64175|1990,0.0247387
HXB2,B|AU|U64106|1990,0.0207503
HXB2,B|US|AY458717|1999,0.0248195
HXB2,B|VE|AY598805|-,0.0215324
HXB2,B|AU|U64180|1990,0.0235497
HXB2,B|BR|AF480753|-,0.0226064
HXB2,B|BR|AF480756|-,0.0211338
HXB2,B|BR|AF480757|-,0.0211509
HXB2,B|BR|AF480761|-,0.0226754
HXB2,B|BR|AF480764|-,0.0242637
HXB2,B|BR|AF480769|-,0.0242381
HXB2,B|BR|AF480774|-,0.0219784
HXB2,B|BR|AF480776|-,0.0244107
HXB2,B|BR|AF480778|-,0.021212
HXB2,B|BR|AF480779|-,0.0210549
HXB2,B|BR|AF480790|-,0.0240492
HXB2,B|BR|AF480793|-,0.0180237
HXB2,B|BR|AF480801|-,0.0242342
HXB2,B|BR|AF480806|-,0.0241863
HXB2,B|PL|EU910811|2007,0.0209034
HXB2,B|FR|AF317044|1999,0.0245013
HXB2,B|ES|AF330790|-,0.0101151
HXB2,B|US|AF422715|1992,0.0121749
HXB2,B|VE|AY841831|-,0.0229588
HXB2,B|US|AF422720|1992,0.00932217
HXB2,B|DZ|AY828698|2002,0.0174246
HXB2,B|ES|HQ426868|2006,0.0218871
HXB2,B|FR|HQ718148|2006,0.0165368
HXB2,B|DZ|AY828646|2001,0.0246978
HXB2,B|US|AF422704|1992,0.0196016
HXB2,B|DZ|AY828699|2002,0.019862
HXB2,B|GB|AF210533|-,0.0194115
HXB2,B|DZ|AY828653|2001,0.017458
HXB2,B|JP|AY917175|-,0.0207873
HXB2,B|FR|HQ717839|2006,0.0122642
HXB2,B|FR|JQ292733|-,0.022014
HXB2,B|US|AF422714|1992,0.0230584
HXB2,B|US|AF422702|1992,0.0136891
HXB2,B|DZ|AY828630|2003,0.023461
HXB2,B|FR|JQ291964|-,0.021747
HXB2,B|DZ|AY828672|2001,0.0231279
HXB2,B|PL|EU910793|2002,0.0225763
HXB2,B|PL|EU910767|2006,0.021107
HXB2,B|FR|AY134459|1998,0.0247603
HXB2,B|PL|EU910743|2003,0.0225475
HXB2,B|PL|EU910751|2006,0.024113
HXB2,B|PL|EU910755|2006,0.0168631
HXB2,B|PL|EU910757|2006,0.0219079
HXB2,B|PL|EU910759|2006,0.0197641
HXB2,B|PL|EU910761|2000,0.0212562
HXB2,B|PL|EU910762|2000,0.0212586
HXB2,B|PL|EU910764|2000,0.0220179
HXB2,B|PL|EU910766|2002,0.0225335
HXB2,B|PL|EU910777|2001,0.0212195
HXB2,B|PL|EU910783|2003,0.0190445
HXB2,B|PL|EU910784|2007,0.0197671
HXB2,B|PL|EU910785|2001,0.0240348
HXB2,B|PL|EU910787|2007,0.0249911
HXB2,B|PL|EU910791|2001,0.0240401
HXB2,B|PL|EU910792|2000,0.016985
HXB2,B|PL|EU910794|2003,0.0168872
HXB2,B|PL|EU910797|2001,0.0197803
HXB2,B|PL|EU910800|2001,0.0183418
HXB2,B|PL|EU910802|2002,0.0248702
HXB2,B|PL|EU910803|2007,0.0236028
HXB2,B|PL|EU910804|2001,0.022837
HXB2,B|PL|EU910805|2002,0.0211823
HXB2,B|PL|EU910806|2003,0.0131588
HXB2,B|PL|EU910810|2007,0.0205648
HXB2,B|PL|EU910816|2002,0.014041
HXB2,B|PL|EU910820|2006,0.0240581
HXB2,B|PL|EU910821|2001,0.0212949
HXB2,B|PL|EU910826|2007,0.0241446
HXB2,B|PL|EU910828|2002,0.0220719
HXB2,B|PL|EU910831|2002,0.0222765
HXB2,B|PL|EU910833|2004,0.0182742
HXB2,B|PL|JF837553|2008,0.0249493
HXB2,B|FR|AF330752|-,0.0202018
HXB2,B|FR|AF330777|-,0.0219394
HXB2,B|KR|AY347694|1991,0.0168918
HXB2,B|JP|AY917190|-,0.0246046
HXB2,B|PL|EU910749|2003,0.0155164
HXB2,B|PL|EU910776|2001,0.0211541
HXB2,B|US|AF422707|1992,0.0208593
HXB2,B|PL|EU910788|2007,0.0228303
HXB2,B|PL|EU910813|2001,0.0227193
HXB2,B|US|AF422719|1992,0.0195499
HXB2,B|DZ|AY828634|2002,0.0197368
HXB2,B|BR|EU258082|2005,0.0232021
HXB2,B|PL|EU910739|2003,0.0183657
HXB2,B|PL|EU910740|2003,0.01984
HXB2,B|PL|EU910745|2006,0.0228192
HXB2,B|PL|EU910758|2006,0.0170169
HXB2,B|PL|EU910769|2001,0.0212985
HXB2,B|PL|EU910770|2007,0.0214759
HXB2,B|PL|EU910771|2001,0.0227785
HXB2,B|PL|EU910778|2003,0.0212946
HXB2,B|PL|EU910779|2003,0.0212984
HXB2,B|PL|EU910786|2006,0.022739
HXB2,B|PL|EU910790|2002,0.0170311
HXB2,B|PL|EU910808|2006,0.0226756
HXB2,B|PL|EU910815|2002,0.0242305
HXB2,B|PL|EU910822|2006,0.0242694
HXB2,B|US|AF422717|1992,0.0208204
HXB2,B|FR|JQ292538|-,0.0243896
HXB2,B|FR|JQ292539|-,0.0243669
HXB2,B|FR|AF330785|-,0.0218803
HXB2,B|FR|AF315253|1998,0.0218669
HXB2,B|US|AF422709|1992,0.0177744
HXB2,B|US|AF422722|1992,0.0142214
HXB2,B|FR|AJ577737|2001,0.0227056
HXB2,B|CA|DQ059650|-,0.0225589
HXB2,B|CA|DQ059653|-,0.0195646
HXB2,B|CA|DQ059655|-,0.0234465
HXB2,B|CA|DQ059678|-,0.0206511
HXB2,B|CA|DQ059681|-,0.0176023
HXB2,B|CA|DQ059688|-,0.021755
HXB2,B|CA|DQ059689|-,0.0207964
HXB2,B|CA|DQ059690|-,0.0227861
HXB2,B|CA|DQ059702|-,0.0225514
HXB2,B|US|AF422708|1992,0.0210555
HXB2,B|GB|AJ425878|-,0.0212702
HXB2,B|GB|AJ425880|-,0.0242222
HXB2,B|GB|AJ425893|-,0.0241818
HXB2,B|GB|AJ425905|-,0.0224138
HXB2,B|GB|AJ425906|-,0.0241551
HXB2,B|GB|AJ425907|-,0.0243245
HXB2,B|GB|AJ425910|-,0.0224717
HXB2,B|GB|AJ425923|-,0.0111644
HXB2,B|GB|AJ425924|-,0.0240903
HXB2,B|GB|AJ425927|-,0.0223919
HXB2,B|GB|AJ425929|-,0.0184277
HXB2,B|GB|AJ425935|-,0.0243341
HXB2,B|GB|AJ425952|-,0.0241379
HXB2,B|GB|AJ425954|-,0.016683
HXB2,B|GB|AJ425955|-,0.0174897
HXB2,B|GB|AJ425976|-,0.0200443
HXB2,B|GB|AJ425980|-,0.0222629
HXB2,B|GB|AJ426003|-,0.0207105
HXB2,B|GB|AJ426005|-,0.0211671
HXB2,B|US|AY964214|2002,0.0240073
HXB2,B|US|EF067120|2002,0.0218459
HXB2,B|US|AF422706|1992,0.0144496
HXB2,B|US|AY458700|1999,0.0224293
HXB2,B|US|AF422700|1992,0.02102
HXB2,B|US|AY455570|2001,0.0157151
HXB2,B|DZ|AY828683|2001,0.0147306
HXB2,B|CA|EF656826|1995,0.0237735
HXB2,B|BR|HM025758|2007,0.024048
HXB2,B|HN|HQ010612|2010,0.00415802
HXB2,B|-|L78140|-,0.011293
HXB2,B|-|L78142|-,0.00482033
HXB2,B|FR|AF330786|-,0.0243399
HXB2,B|FR|AJ239262|-,0.0177752
HXB2,B|FR|AJ276522|1994,0.0231649
HXB2,B|FR|AJ276526|1994,0.0200738
HXB2,B|FR|AJ276550|1994,0.0227775
HXB2,B|GB|AJ425894|-,0.0235506
HXB2,B|GB|AJ425898|-,0.0177295
HXB2,B|GB|AJ425930|-,0.0244347
HXB2,B|GB|AJ425956|-,0.0186107
HXB2,B|GB|AJ425974|-,0.0242535
HXB2,B|GB|AJ426004|-,0.0225603
HXB2,B|ES|AY083245|-,0.0241488
HXB2,B|ES|AY083262|-,0.0231475
HXB2,B|US|AY458706|1999,0.0223477
HXB2,B|AU|DQ409343|-,0.01805
HXB2,B|AU|DQ409345|-,0.0220536
HXB2,B|AU|DQ409354|-,0.021114
HXB2,B|AU|DQ409358|-,0.0203495
HXB2,B|AU|DQ409376|-,0.0235488
HXB2,B|AU|DQ409380|-,0.0212756
HXB2,B|AU|DQ409381|-,0.0203755
HXB2,B|AU|DQ409384|-,0.0172405
HXB2,B|AU|DQ409388|-,0.0245796
HXB2,B|AU|DQ409389|-,0.0195469
HXB2,B|AU|DQ409394|-,0.0241973
HXB2,B|AU|DQ409397|-,0.0219841
HXB2,B|AU|DQ409403|-,0.0171317
HXB2,B|AU|DQ409413|-,0.0200448
HXB2,B|AU|DQ409421|-,0.0237182
HXB2,B|AU|DQ409422|-,0.0211182
HXB2,B|AU|DQ409439|-,0.0180051
HXB2,B|AU|DQ409440|-,0.0147045
HXB2,B|AU|DQ409441|-,0.0247545
HXB2,B|AU|DQ409453|-,0.0211945
HXB2,B|AU|DQ409463|-,0.0147134
HXB2,B|AU|DQ409471|-,0.0203392
HXB2,B|AU|DQ409472|-,0.0238323
HXB2,B|AU|DQ409473|-,0.0246633
HXB2,B|AU|DQ409477|-,0.0228336
HXB2,B|AU|DQ409499|-,0.0179667
HXB2,B|AU|DQ409501|-,0.023827
HXB2,B|AU|DQ409512|-,0.0247222
HXB2,B|AU|DQ409540|-,0.0219891
HXB2,B|AU|DQ409542|-,0.0195784
HXB2,B|AU|DQ409548|-,0.0219688
HXB2,B|AU|DQ409558|-,0.0219338
HXB2,B|AU|DQ409580|-,0.0236133
HXB2,B|AU|DQ409586|-,0.0205162
HXB2,B|AU|DQ409607|-,0.0214276
HXB2,B|AU|DQ409609|-,0.0163734
HXB2,B|AU|DQ409610|-,0.0190559
HXB2,B|AU|DQ409616|-,0.0236218
HXB2,B|AU|DQ409630|-,0.0244081
HXB2,B|AU|DQ409637|-,0.0202414
HXB2,B|AU|DQ409641|-,0.0197109
HXB2,B|AU|DQ409642|-,0.0245696
HXB2,B|AU|DQ409657|-,0.0245349
HXB2,B|AU|DQ409661|-,0.024889
HXB2,B|AU|DQ409662|-,0.0220013
HXB2,B|AU|DQ409665|-,0.0241149
HXB2,B|AU|DQ409666|-,0.0205849
HXB2,B|AU|DQ409672|-,0.0245701
HXB2,B|AU|DQ409680|-,0.0246065
HXB2,B|AU|DQ409683|-,0.0238881
HXB2,B|AU|DQ409688|-,0.0227759
HXB2,B|AU|DQ409692|-,0.0230237
HXB2,B|AU|DQ409700|-,0.0197419
HXB2,B|AU|DQ409702|-,0.0248975
HXB2,B|AU|DQ409706|-,0.0204798
HXB2,B|AU|DQ409715|-,0.023702
HXB2,B|AU|DQ409717|-,0.0137948
HXB2,B|AU|DQ409721|-,0.0248338
HXB2,B|AU|DQ409732|-,0.0212752
HXB2,B|AU|DQ409742|-,0.0231012
HXB2,B|AU|DQ409748|-,0.0163264
HXB2,B|AU|DQ409749|-,0.0239804
HXB2,B|AU|DQ409770|-,0.024554
HXB2,B|AU|DQ409773|-,0.0245148
HXB2,B|AU|DQ409785|-,0.0246534
HXB2,B|AU|DQ409789|-,0.0220103
HXB2,B|AU|DQ409792|-,0.0183127
HXB2,B|AU|DQ409793|-,0.0122143
HXB2,B|AU|DQ409794|-,0.0189056
HXB2,B|AU|DQ409806|-,0.0249533
HXB2,B|FR|JQ292528|-,0.0229237
HXB2,B|US|AF422701|1992,0.014781
HXB2,B|US|AF422716|1992,0.0167343
HXB2,B|US|AF422718|1992,0.0213821
HXB2,B|FR|JQ292025|-,0.021363
HXB2,B|BR|AF527194|2001,0.0178005
HXB2,B|US|AF422710|1992,0.0133992
HXB2,B|GB|AJ425892|-,0.021167
HXB2,B|GB|AJ425931|-,0.0230794
HXB2,B|GB|AJ426001|-,0.0212771
HXB2,B|BR|DQ539784|2002,0.0229711
HXB2,B|BR|AY877231|1997,0.0224844
HXB2,B|US|AY458713|1999,0.0144193
HXB2,B|US|FJ447292|2004,0.017862
HXB2,B|US|AF422703|1992,0.0159603
HXB2,B|-|AY484752|-,0.0221231
HXB2,B|-|AY484764|-,0.020529
HXB2,B|AU|AF291106|-,0.0200193
HXB2,B|CA|EF369198|-,0.0248481
HXB2,B|CA|EF369214|-,0.017621
HXB2,B|CA|EF369221|-,0.0248071
HXB2,B|CA|EF369222|-,0.0184706
HXB2,B|CA|EF369223|-,0.0231931
HXB2,B|CA|EF369228|-,0.0224482
HXB2,B|CA|EF369238|-,0.021577
HXB2,B|CA|EF369247|-,0.020049
HXB2,B|CA|EF369250|-,0.0225484
HXB2,B|CA|EF369262|-,0.0224515
HXB2,B|CA|EF369268|-,0.0232744
HXB2,B|CA|EF369270|-,0.0217302
HXB2,B|CA|EF369272|-,0.0207753
HXB2,B|CA|EF369273|-,0.0240331
HXB2,B|CA|EF369278|-,0.024892
HXB2,B|CA|EF369285|-,0.0240966
HXB2,B|CA|EF369286|-,0.0191418
HXB2,B|CA|EF369288|-,0.0248609
HXB2,B|CA|EF369289|-,0.0151627
HXB2,B|CA|EF369292|-,0.0224343
HXB2,B|CA|EF369293|-,0.0248774
HXB2,B|CA|EF369294|-,0.0240601
HXB2,B|CA|EF369298|-,0.024169
HXB2,B|CA|EF369302|-,0.0207675
HXB2,B|CA|EF369311|-,0.0207989
HXB2,B|CA|EF369315|-,0.0187327
HXB2,B|CA|EF369316|-,0.0200301
HXB2,B|CA|EF369328|-,0.0224458
HXB2,B|CA|EF369330|-,0.0208585
HXB2,B|CA|EF369332|-,0.0215449
HXB2,B|CA|EF369334|-,0.0247796
HXB2,B|CA|EF369342|-,0.0153001
HXB2,B|CA|EF369344|-,0.0224482
HXB2,B|CA|EF369345|-,0.0241854
HXB2,B|CA|EF369348|-,0.0210188
HXB2,B|CA|EF369353|-,0.0216479
HXB2,B|CA|EF369359|-,0.0142784
HXB2,B|CA|EF369363|-,0.0201271
HXB2,B|CA|EF369365|-,0.0224009
HXB2,B|CA|EF369368|-,0.0200854
HXB2,B|CA|EF369371|-,0.0224723
HXB2,B|CA|EF369375|-,0.0175218
HXB2,B|CA|EF369379|-,0.0235216
HXB2,B|CA|EF369380|-,0.0248489
HXB2,B|CA|EF369384|-,0.0232146
HXB2,B|CA|EF369389|-,0.0241895
HXB2,B|CA|EF369393|-,0.0249098
HXB2,B|CA|EF369395|-,0.0224521
HXB2,B|CA|EF369396|-,0.0249566
HXB2,B|CA|EF369400|-,0.0242071
HXB2,B|CA|EF369401|-,0.0233562
HXB2,B|CA|EF369407|-,0.0208994
HXB2,B|CA|EF369408|-,0.0208789
HXB2,B|CA|EF369413|-,0.0216927
HXB2,B|CA|EF369415|-,0.0191796
HXB2,B|CA|EF369418|-,0.0168674
HXB2,B|CA|EF369422|-,0.0210294
HXB2,B|CA|EF369423|-,0.0240583
HXB2,B|CA|EF369424|-,0.0199945
HXB2,B|CA|EF369426|-,0.0234292
HXB2,B|TR|JX514276|2012,0.013957
HXB2,B|TR|JX514277|2012,0.0193688
HXB2,B|TR|JX514278|2012,0.0069429
HXB2,B|TR|JX514279|2012,0.0230997
HXB2,B|TR|JX514280|2012,0.0211399
HXB2,B|TR|JX514281|2012,0.0194265
HXB2,B|TR|JX514282|2012,0.0175619
HXB2,B|TR|JX514283|2012,0.0157682
HXB2,B|TR|JX514284|2012,0.0248044
HXB2,B|TR|JX514285|2012,0.0248044
HXB2,B|TR|JX514286|2012,0.0157669
HXB2,B|TR|JX514287|2012,0.0158606
HXB2,B|TR|JX514288|2012,0.0121909
HXB2,B|TR|JX514289|2012,0.0176113
HXB2,B|TR|JX514290|2012,0.0140273
HXB2,B|TR|JX514291|2012,0.0158009
HXB2,B|TR|JX514292|2012,0.0211889
HXB2,B|TR|JX514293|2012,0.0139559
HXB2,B|TR|JX514294|2012,0.0229733
HXB2,B|TR|JX514295|2012,0.0229469
HXB2,B|-|M17740|-,0.00939378
HXB2,B|US|AF422713|1992,0.0235448
HXB2,B|FR|JQ291937|-,0.0248043
HXB2,B|US|AF422705|1992,0.0230015
HXB2,B|BR|AY213217|2001,0.0162541
HXB2,B|FR|AY660193|2003,0.00519342
HXB2,B|-|AY484756|-,0.0174635
HXB2,B|US|AF013420|-,0.0187944
HXB2,B|US|AF013424|-,0.0140364
HXB2,B|US|AF013428|-,0.0227179
HXB2,B|US|AF013434|-,0.0235822
HXB2,B|US|AF013436|-,0.0211112
HXB2,B|US|AF013438|-,0.0203913
HXB2,B|US|AF013440|-,0.0228753
HXB2,B|US|AF013442|-,0.0205178
HXB2,B|US|AF013443|-,0.0173218
HXB2,B|US|AF013444|-,0.0243343
HXB2,B|US|AF013446|-,0.015576
HXB2,B|US|AF013447|-,0.0203037
HXB2,B|US|AF013450|-,0.020452
HXB2,B|US|AF013455|-,0.024387
HXB2,B|US|AF013456|-,0.0189257
HXB2,B|US|AF013460|-,0.0156064
HXB2,B|US|AF013461|-,0.0155921
HXB2,B|US|AF013462|-,0.0219255
HXB2,B|US|AF021265|-,0.020163
HXB2,B|US|AF021268|-,0.0216655
HXB2,B|US|AF021270|-,0.0239407
HXB2,B|US|AF021271|-,0.0231092
HXB2,B|US|AF021273|-,0.0208938
HXB2,B|US|AF021281|-,0.0240809
HXB2,B|US|AF021289|-,0.0247575
HXB2,B|US|AF021293|-,0.0201253
HXB2,B|US|AF021307|-,0.0231991
HXB2,B|US|AF090472|1994,0.0187219
HXB2,B|US|AF090478|1994,0.0248436
HXB2,B|US|AF090479|1994,0.0232839
HXB2,B|US|AF090484|1994,0.024764
HXB2,B|US|AF090504|1994,0.0216024
HXB2,B|US|AF090516|1994,0.0231447
HXB2,B|US|AF090517|1994,0.0215932
HXB2,B|US|AF422711|1992,0.0223623
HXB2,B|US|AY458696|1999,0.0227275
HXB2,B|US|AF090473|1994,0.017187
HXB2,B|US|AF227707|-,0.0247786
HXB2,B|US|AF227725|-,0.023532
HXB2,B|US|AF422698|1992,0.0246478
HXB2,B|IT|AY900146|-,0.019719
HXB2,B|IT|AY900148|-,0.0235163
HXB2,B|IT|AY900156|-,0.0233585
HXB2,B|US|AY484201|2000,0.0231623
HXB2,B|FI|AF111308|1994,0.0178426
HXB2,B|KR|AF273202|1993,0.0218307
HXB2,B|LU|AF541314|-,0.0207366
HXB2,B|CH|AF408447|1997,0.0209163
HXB2,B|CH|AF408559|1997,0.0207697
HXB2,B|CH|AF408563|1997,0.0244515
HXB2,B|CH|AF408577|1997,0.0222005
HXB2,B|CH|AF408585|1996,0.0173834
HXB2,B|CH|AF408591|1997,0.0227539
HXB2,B|US|AF422699|1992,0.0201998
HXB2,B|BB|AY116574|1996,0.0220602
HXB2,B|FR|HQ718150|2006,0.0210806
HXB2,B|-|L78155|-,0.00758074
HXB2,B|US|AF090497|1994,0.0221534
HXB2,B|US|AF090531|1994,0.0220932
HXB2,B|IT|AF158750|-,0.0243206
HXB2,B|IT|AF158765|-,0.0206695
HXB2,B|IT|AF158768|-,0.0235187
HXB2,B|IT|AF158783|-,0.0207487
HXB2,B|IT|AF169042|-,0.0187811
HXB2,B|IT|AF169043|-,0.0196645
HXB2,B|IT|AF169044|-,0.0204257
HXB2,B|IT|AF169045|-,0.0221547
HXB2,B|IT|AF169046|-,0.0178757
HXB2,B|IT|AF169047|-,0.0213205
HXB2,B|IT|AF169048|-,0.0196059
HXB2,B|IT|AF169049|-,0.0196059
HXB2,B|IT|AF169050|-,0.0249115
HXB2,B|IT|AF169052|-,0.0135768
HXB2,B|IT|AF169053|-,0.023019
HXB2,B|IT|AF169054|-,0.0205514
HXB2,B|IT|AF169055|-,0.0170324
HXB2,B|IT|AF169056|-,0.0187109
HXB2,B|IT|AF169057|-,0.0239117
HXB2,B|IT|AF169058|-,0.0187403
HXB2,B|IT|AF169059|-,0.0195321
HXB2,B|IT|AF169061|-,0.0248381
HXB2,B|IT|AF169062|-,0.0248875
HXB2,B|IT|AF169064|-,0.0203862
HXB2,B|IT|AF169065|-,0.0248587
HXB2,B|IT|AF169068|-,0.0144793
HXB2,B|IT|AF169069|-,0.0206266
HXB2,B|IT|AF169070|-,0.0171192
HXB2,B|IT|AF169071|-,0.0171192
HXB2,B|IT|AF169073|-,0.016154
HXB2,B|IT|AF169074|-,0.0161703
HXB2,B|IT|AF169075|-,0.0195863
HXB2,B|IT|AF169076|-,0.0204001
HXB2,B|IT|AF169078|-,0.00756414
HXB2,B|IT|AF169079|-,0.0248579
HXB2,B|IT|AF169086|-,0.0179149
HXB2,B|IT|AF169087|-,0.0170361
HXB2,B|IT|AF169088|-,0.0170162
HXB2,B|IT|AF169089|-,0.0179543
HXB2,B|IT|AF169090|-,0.0204209
HXB2,B|IT|AF169091|-,0.0239147
HXB2,B|IT|AF169092|-,0.0230252
HXB2,B|IT|AF169093|-,0.0212847
HXB2,B|IT|AF169094|-,0.0247511
HXB2,B|IT|AF169096|-,0.0136012
HXB2,B|IT|AF169098|-,0.01267
HXB2,B|IT|AF169099|-,0.0204427
HXB2,B|IT|AF169100|-,0.0239063
HXB2,B|IT|AF169102|-,0.0153659
HXB2,B|IT|AF169103|-,0.0246964
HXB2,B|IT|AF169105|-,0.0220744
HXB2,B|IT|AF169106|-,0.0187394
HXB2,B|IT|AF169107|-,0.0196053
HXB2,B|IT|AF169108|-,0.0222328
HXB2,B|IT|AF169109|-,0.0230377
HXB2,B|IT|AF169110|-,0.023127
HXB2,B|IT|AF169111|-,0.0170139
HXB2,B|IT|AF169112|-,0.0204839
HXB2,B|IT|AF169113|-,0.0205117
HXB2,B|IT|AF209218|-,0.022122
HXB2,B|IT|AF209219|-,0.0213067
HXB2,B|IT|AF209230|-,0.0221
HXB2,B|IT|AF209236|-,0.0239478
HXB2,B|IT|AF209242|-,0.0170134
HXB2,B|IT|AF209251|-,0.0249997
HXB2,B|IT|AF209253|-,0.0195957
HXB2,B|IT|AF209255|-,0.0222259
HXB2,B|IT|AF209266|-,0.0248834
HXB2,B|IT|AF209288|-,0.0248188
HXB2,B|IT|AF209291|-,0.0238909
HXB2,B|KR|AF273151|1994,0.0212976
HXB2,B|KR|AF273154|1994,0.0151751
HXB2,B|KR|AF273155|1993,0.0249111
HXB2,B|KR|AF273162|1993,0.0220555
HXB2,B|KR|AF273171|1991,0.0231518
HXB2,B|KR|AF273177|1999,0.017652
HXB2,B|KR|AF273198|1993,0.0231493
HXB2,B|KR|AF273201|1994,0.0203029
HXB2,B|KR|AF273203|1997,0.0202968
HXB2,B|IT|AF280335|-,0.0223089
HXB2,B|IT|AF280349|-,0.0221232
HXB2,B|IT|AF280357|-,0.0187764
HXB2,B|KR|AF282155|1999,0.0202326
HXB2,B|ES|AF479602|1997,0.0219754
HXB2,B|VE|AY016935|-,0.0207589
HXB2,B|VE|AY016959|-,0.0199998
HXB2,B|BR|DQ070626|2004,0.0225587
HXB2,B|IT|EF376681|-,0.0239209
HXB2,B|IT|EF376698|-,0.0161424
HXB2,B|MA|JQ344167|2005,0.0176711
HXB2,B|MA|JQ344174|2005,0.0226669
HXB2,B|IT|AF169072|-,0.0222709
HXB2,B|IT|AF169095|-,0.0067329
HXB2,B|IT|AF209243|-,0.0249609
HXB2,B|LU|AF541290|-,0.0244907
HXB2,B|KR|AF273190|1991,0.0196947
HXB2,B|KR|AF273208|1999,0.0222208
HXB2,B|US|AY458710|1999,0.0240266
HXB2,B|US|AY458716|1999,0.0111049
HXB2,B|LU|AF541283|-,0.0190935
HXB2,B|LU|AF541292|-,0.021213
HXB2,B|LU|AF541294|-,0.0170272
HXB2,B|FR|AY134464|1998,0.0179216
HXB2,B|SE|EF673079|1989,0.020676
HXB2,B|FR|HM035572|-,0.0139664
HXB2,B|US|AF090528|1994,0.0244136
HXB2,B|IT|AF251992|1997,0.0213289
HXB2,B|FR|JQ292583|-,0.0213551
HXB2,B|FR|HQ717952|2006,0.0199218
HXB2,B|ES|AF111291|1995,0.023497
HXB2,B|CA|EF656945|1994,0.0188008
HXB2,B|KR|AF273186|1997,0.0218146
HXB2,B|ES|AF111295|1995,0.0223914
HXB2,B|VE|AY016913|-,0.0203712
HXB2,B|VE|AY016926|-,0.0203905
HXB2,B|VE|AY016948|-,0.0188238
HXB2,B|US|AF301373|-,0.0216566
HXB2,B|GB|AY042753|1995,0.0197465
HXB2,B|GB|AY042755|1995,0.0148367
HXB2,B|GB|AY042759|1995,0.0198747
HXB2,B|GB|AY042761|1995,0.021503
HXB2,B|GB|AY042767|1995,0.023184
HXB2,B|GB|AY042777|1995,0.0164777
HXB2,B|KH|FJ531883|2007,0.0241695
HXB2,B|FR|JQ291903|-,0.024444
HXB2,B|FR|JQ291966|-,0.0227691
HXB2,B|FR|JQ292776|-,0.00162833
HXB2,B|FR|JQ292777|-,0.00162833
HXB2,B|FR|JQ292778|-,0.00162833
HXB2,B|FR|JQ292779|-,0.00162833
HXB2,B|BR|AF413866|1998,0.0216473
HXB2,B|BR|AF413872|1998,0.023489
HXB2,B|BR|AF413874|1998,0.0142505
HXB2,B|BR|AF527304|2001,0.0233632
HXB2,B|BR|AF527337|2001,0.00175703
HXB2,B|-|AX572792|-,0.0106337
HXB2,B|-|AX572794|-,0.0106337
HXB2,B|-|AX572796|-,0.0106337
HXB2,B|-|AX572798|-,0.0106337
HXB2,B|-|AX572800|-,0.0106337
HXB2,B|-|AX572802|-,0.0106337
HXB2,B|-|AX572804|-,0.0106337
HXB2,B|-|AX572806|-,0.0106337
HXB2,B|-|AX572808|-,0.0106337
HXB2,B|-|AX572809|-,0.0124249
HXB2,B|-|AX572810|-,0.0106337
HXB2,B|-|AX572812|-,0.0106337
HXB2,B|-|AX572814|-,0.0106337
HXB2,B|-|AX572816|-,0.0106337
HXB2,B|-|AX572823|-,0.0106337
HXB2,B|VE|AY016937|-,0.0214103
HXB2,B|VE|AY016938|-,0.0238045
HXB2,B|BR|AY213207|2001,0.0187122
HXB2,B|BR|AY213310|2001,0.0233563
HXB2,B|BR|AY213334|2001,0.0239855
HXB2,B|BR|AY213363|2001,0.0214868
HXB2,B|BR|AY213434|2001,0.0214966
HXB2,B|BR|AY213472|2001,0.0214454
HXB2,B|BR|AY213483|2001,0.0169805
HXB2,B|BR|AY213501|2001,0.0214454
HXB2,B|BR|AY285039|2002,0.0215119
HXB2,B|BR|AY313393|2000,0.0232969
HXB2,B|BR|AY313444|2000,0.0233533
HXB2,B|BR|AY390099|-,0.00885671
HXB2,B|BR|AY390164|-,0.023267
HXB2,B|BR|AY390216|2000,0.0214729
HXB2,B|BR|AY569906|2000,0.0232277
HXB2,B|BR|AY569908|2000,0.0215094
HXB2,B|BR|AY876967|1995,0.0248664
HXB2,B|FR|GQ410031|1997,0.0102373
HXB2,B|FR|JQ291831|-,0.0227811
HXB2,B|FR|JQ291832|-,0.0227811
HXB2,B|FR|JQ291835|-,0.0233391
HXB2,B|FR|JQ291878|-,0.0246063
HXB2,B|FR|JQ291969|-,0.0230093
HXB2,B|FR|JQ292567|-,0.0196143
HXB2,B|US|AF090530|1994,0.0162273
HXB2,B|LU|AF541305|-,0.0249481
HXB2,B|VE|AY016953|-,0.0206703
HXB2,B|ES|AY370103|1998,-0
HXB2,B|ES|AY370166|1998,-0
HXB2,B|MX|EU045490|2003,0.0233907
HXB2,B|MX|EU045494|2003,0.0243664
HXB2,B|MX|EU045506|2003,0.020981
HXB2,B|MX|EU045509|2003,0.0245906
HXB2,B|MX|EU045516|2003,0.0160495
HXB2,B|MX|EU045519|2003,0.0234275
HXB2,B|MX|EU045527|2003,0.0195378
HXB2,B|MX|EU045532|2003,0.0145077
HXB2,B|MX|EU045534|2003,0.0242164
HXB2,B|ES|AF111286|1994,0.0203781
HXB2,B|FR|AF264413|-,0.0247481
HXB2,B|FR|AF264425|-,0.0193149
HXB2,B|RS|AF435847|1997,0.0239951
HXB2,B|RS|AF435849|1997,0.0246851
HXB2,B|RS|AF439432|1997,0.0248471
HXB2,B|RS|AF439434|1997,0.0247849
HXB2,B|RS|AF439435|1997,0.0206455
HXB2,B|RS|AF439437|1997,0.0239169
HXB2,B|RS|AF439438|1997,0.00487527
HXB2,B|RS|AF439441|1997,0.0247666
HXB2,B|US|AF472547|-,0.0243779
HXB2,B|PT|AF504564|2000,0.0227812
HXB2,B|PT|AF504576|2000,0.0235073
HXB2,B|PT|AF504591|2000,0.0210794
HXB2,B|PT|AF504600|2000,0.0201741
HXB2,B|PT|AF504602|2000,0.0247479
HXB2,B|PT|AF504609|2000,0.0235672
HXB2,B|PT|AF504644|2000,0.0237395
HXB2,B|ES|AF517020|-,0.0161988
HXB2,B|ES|AF517023|-,0.0243702
HXB2,B|ES|AF517027|-,0.0243648
HXB2,B|ES|AF517043|-,0.0227566
HXB2,B|ES|AF517047|-,0.0245675
HXB2,B|ES|AF517051|-,0.0239388
HXB2,B|ES|AF517055|-,0.0228836
HXB2,B|ES|AF517059|-,0.0153946
HXB2,B|ES|AF517067|-,0.0186154
HXB2,B|LU|AF541289|-,0.0237106
HXB2,B|LU|AF541307|-,0.0211293
HXB2,B|LU|AF541316|-,0.0211778
HXB2,B|LU|AF541323|-,0.022723
HXB2,B|LU|AF541328|-,0.0244098
HXB2,B|LU|AF541333|-,0.0235376
HXB2,B|LU|AF541350|-,0.0236259
HXB2,B|LU|AF541353|-,0.0201941
HXB2,B|LU|AF541355|-,0.0195923
HXB2,B|LU|AF541357|-,0.0177589
HXB2,B|LU|AF541363|-,0.0234929
HXB2,B|LU|AF541365|-,0.0242852
HXB2,B|LU|AF541366|-,0.0235315
HXB2,B|LU|AF541368|-,0.0153543
HXB2,B|LU|AF541387|-,0.0243322
HXB2,B|LU|AF541395|-,0.0210779
HXB2,B|LU|AF541397|-,0.0226574
HXB2,B|LU|AF541402|-,0.0227236
HXB2,B|LU|AF541409|-,0.0177536
HXB2,B|LU|AF541410|-,0.0211866
HXB2,B|LU|AF541426|-,0.0137142
HXB2,B|LU|AF541427|-,0.0177129
HXB2,B|LU|AF541428|-,0.020394
HXB2,B|LU|AF541431|-,0.0227083
HXB2,B|LU|AF541435|-,0.0234572
HXB2,B|LU|AF541436|-,0.0170769
HXB2,B|LU|AF541441|-,0.0186502
HXB2,B|LU|AF541442|-,0.0178075
HXB2,B|LU|AF541446|-,0.0201985
HXB2,B|LU|AF541452|-,0.0203446
HXB2,B|LU|AF541454|-,0.0210258
HXB2,B|LU|AF541455|-,0.0227583
HXB2,B|LU|AF541458|-,0.0177691
HXB2,B|LU|AF541459|-,0.0209931
HXB2,B|LU|AF541461|-,0.0226825
HXB2,B|LU|AF541464|-,0.0185079
HXB2,B|LU|AF541471|-,0.0201896
HXB2,B|LU|AF541472|-,0.0234925
HXB2,B|LU|AF541474|-,0.0245254
HXB2,B|LU|AF541487|-,0.024392
HXB2,B|LU|AF541492|-,0.0227597
HXB2,B|LU|AF541494|-,0.0178334
HXB2,B|LU|AF541501|-,0.0210047
HXB2,B|LU|AF541505|-,0.0218657
HXB2,B|BE|AJ297148|-,0.010599
HXB2,B|US|AY049542|1999,0.0205129
HXB2,B|US|AY049552|1999,0.0245026
HXB2,B|US|AY049556|1999,0.021996
HXB2,B|US|AY049572|1999,0.0238211
HXB2,B|US|AY049588|1999,0.0194862
HXB2,B|US|AY049614|1999,0.019606
HXB2,B|US|AY049644|1999,0.0195313
HXB2,B|US|AY049656|1999,0.0218446
HXB2,B|US|AY049674|1999,0.0235987
HXB2,B|US|AY049684|1999,0.0218936
HXB2,B|US|AY049700|1999,0.0170963
HXB2,B|US|AY049702|1999,0.0246189
HXB2,B|LU|AY063261|-,0.0226825
HXB2,B|CA|AY213139|-,0.000791636
HXB2,B|CA|AY236363|-,0.0242839
HXB2,B|US|AY453027|-,0.0228303
HXB2,B|US|AY453030|-,0.0172139
HXB2,B|US|AY453032|-,0.0245461
HXB2,B|US|AY453039|-,0.0237835
HXB2,B|US|AY453041|-,0.0228402
HXB2,B|US|AY453061|-,0.0220451
HXB2,B|US|AY528179|1997,0.0222453
HXB2,B|US|AY741143|2003,0.0243661
HXB2,B|PR|AY755490|-,0.0112305
HXB2,B|GR|AY940255|2002,0.0235857
HXB2,B|BR|DQ903028|1999,0.0185484
HXB2,B|BR|DQ903033|1999,0.0204091
HXB2,B|BR|DQ903061|2000,0.0223262
HXB2,B|BR|DQ903065|2001,0.0204272
HXB2,B|GR|EF448596|2000,0.0209758
HXB2,B|GR|EF448609|2000,0.0194741
HXB2,B|GR|EF448611|2000,0.0236943
HXB2,B|GR|EF448628|2000,0.0226297
HXB2,B|GR|EF448785|2001,0.0192746
HXB2,B|GR|EF448788|2001,0.0232955
HXB2,B|GR|EF448818|2001,0.024439
HXB2,B|GR|EF448936|2002,0.0242857
HXB2,B|GR|EF449007|2003,0.024577
HXB2,B|MX|GU291885|2003,0.0246306
HXB2,B|MX|GU291887|2003,0.0219307
HXB2,B|MX|GU291892|2003,0.0231552
HXB2,B|MX|GU291897|2003,0.0160752
HXB2,B|MX|GU291901|2003,0.0234652
HXB2,B|MX|GU291902|2003,0.0244664
HXB2,B|MX|GU291925|2003,0.0195695
HXB2,B|MX|GU291938|2003,0.0128868
HXB2,B|MX|GU291939|2003,0.014531
HXB2,B|MX|GU291950|2003,0.0242551
HXB2,B|US|HQ528801|2004,0.0244118
HXB2,B|US|HQ528860|2001,0.0227473
HXB2,B|US|HQ528866|2002,0.0201324
HXB2,B|US|HQ528882|1998,0.0193403
HXB2,B|US|HQ528896|2003,0.0226714
HXB2,B|US|HQ528918|2006,0.0235831
HXB2,B|PT|AF504635|2000,0.0187433
HXB2,B|LU|AF541401|-,0.0186703
HXB2,B|US|AY049558|1999,0.0210862
HXB2,B|US|AY453040|-,0.0186698
HXB2,B|US|AY453049|-,0.0215854
HXB2,B|US|AY453052|-,0.0222004
HXB2,B|GR|EF448464|1999,0.0181879
HXB2,B|US|GQ209655|2002,0.0195038
HXB2,B|MX|GU291903|2003,0.0244687
HXB2,B|ES|KC221509|2007,0.0222676
HXB2,B|AR|AF328600|1997,0.0245104
HXB2,B|AR|AF328601|1997,0.0161612
HXB2,B|AR|AF328613|1997,0.0243907
HXB2,B|AR|AF328615|1997,0.021596
HXB2,B|AR|AF328622|1997,0.0235516
HXB2,B|AR|AF328624|1997,0.0235083
HXB2,B|AR|AF329625|2000,0.0220647
HXB2,B|AR|AF360758|-,0.0225925
HXB2,B|AR|AF360770|-,0.0245104
HXB2,B|AR|AF360771|-,0.0161612
HXB2,B|AR|AF360782|-,0.0243907
HXB2,B|AR|AF360784|-,0.021596
HXB2,B|AR|AF360788|-,0.0235516
HXB2,B|AR|AF360790|-,0.0235083
HXB2,B|AR|AF360809|-,0.0180399
HXB2,B|AR|AF360831|-,0.0217278
HXB2,B|US|AF459261|-,0.0244051
HXB2,B|US|AF459276|-,0.0210385
HXB2,B|US|AF459284|-,0.0211147
HXB2,B|PT|AF504553|2000,0.0195663
HXB2,B|PT|AF504604|2000,0.023581
HXB2,B|GB|AJ425881|-,0.0231448
HXB2,B|GB|AJ425970|-,0.0185032
HXB2,B|GB|AJ425978|-,0.0239504
HXB2,B|GB|AJ425990|-,0.0211828
HXB2,B|LU|AY063259|-,0.0220781
HXB2,B|LU|AY064503|-,0.0212774
HXB2,B|FR|AY134463|1998,0.0184513
HXB2,B|DK|AY149542|1996,0.0248264
HXB2,B|DK|AY149544|1996,0.0244809
HXB2,B|DK|AY149550|1996,0.0179381
HXB2,B|DK|AY149552|1996,0.0236794
HXB2,B|DK|AY149554|1996,0.0121884
HXB2,B|DK|AY149558|1996,0.0220806
HXB2,B|DK|AY149562|1996,0.0220055
HXB2,B|DK|AY222050|-,0.0187978
HXB2,B|DK|AY222052|-,0.0205012
HXB2,B|DK|AY222055|-,0.0187978
HXB2,B|DK|AY222059|-,0.0219574
HXB2,B|PR|AY334583|-,0.0240667
HXB2,B|PR|AY334602|-,0.0168404
HXB2,B|PR|AY334640|-,0.0223375
HXB2,B|PR|AY334642|-,0.0222857
HXB2,B|PR|AY334645|-,0.024136
HXB2,B|PR|AY334656|-,0.0224885
HXB2,B|PR|AY334665|-,0.0232158
HXB2,B|PR|AY334668|-,0.024178
HXB2,B|PR|AY334673|-,0.0222935
HXB2,B|PR|AY334676|-,0.0232361
HXB2,B|PR|AY334678|-,0.0248699
HXB2,B|PR|AY334689|-,0.0232539
HXB2,B|PR|AY334705|-,0.0209065
HXB2,B|PR|AY334717|-,0.0207179
HXB2,B|PR|AY334724|-,0.022211
HXB2,B|PR|AY334726|-,0.021336
HXB2,B|PR|AY334730|-,0.0173986
HXB2,B|PR|AY334731|-,0.0132369
HXB2,B|PR|AY334733|-,0.0189313
HXB2,B|PR|AY334743|-,0.0215726
HXB2,B|PR|AY334753|-,0.0247103
HXB2,B|PR|AY334770|-,0.0163312
HXB2,B|PR|AY334784|-,0.0222093
HXB2,B|PR|AY334790|-,0.0214372
HXB2,B|PR|AY334795|-,0.0230379
HXB2,B|PR|AY334812|-,0.0240437
HXB2,B|PR|AY334828|-,0.0181788
HXB2,B|PR|AY334852|-,0.0248572
HXB2,B|PR|AY334853|-,0.0174086
HXB2,B|PR|AY334857|-,0.0232249
HXB2,B|PR|AY334865|-,0.0174135
HXB2,01_AE|TH|AY667562|-,0.00639775
HXB2,B|US|AY802733|-,0.0246292
HXB2,B|US|AY802747|-,0.0197528
HXB2,B|US|AY802753|-,0.0236955
HXB2,B|ES|AY872337|2002,0.0234855
HXB2,B|TH|DQ130540|2003,0.023543
HXB2,B|TH|DQ130915|2003,0.021006
HXB2,B|TH|DQ152602|2004,0.0145139
HXB2,B|US|DQ392309|2003,0.0244093
HXB2,B|US|DQ392502|2003,0.0205777
HXB2,B|US|DQ879175|2003,0.0218861
HXB2,B|US|DQ879189|2003,0.0235028
HXB2,B|US|DQ879254|2003,0.0238287
HXB2,B|US|DQ879386|2003,0.0247414
HXB2,B|US|DQ879528|2003,0.0247823
HXB2,B|US|DQ879536|2003,0.0243513
HXB2,B|US|DQ879874|2003,0.0212445
HXB2,B|US|DQ879876|2003,0.0179093
HXB2,B|US|DQ879915|2003,0.0244262
HXB2,B|US|DQ880106|2003,0.0219293
HXB2,B|US|DQ880119|2003,0.0178738
HXB2,B|US|DQ880141|2003,0.0202681
HXB2,B|US|DQ880151|2003,0.0229967
HXB2,B|US|DQ880178|2003,0.024464
HXB2,B|US|DQ880216|2003,0.0236991
HXB2,B|US|DQ880226|2003,0.0145838
HXB2,B|US|DQ880228|2003,0.0203518
HXB2,B|US|DQ880234|2003,0.0221016
HXB2,B|AR|DQ880541|2003,0.0229032
HXB2,B|MX|DQ880615|2003,0.0244385
HXB2,B|BR|DQ880690|2003,0.0194666
HXB2,B|BR|DQ880778|2003,0.022059
HXB2,B|GR|EF448984|2002,0.0178449
HXB2,B|GR|EF449011|2003,0.0211104
HXB2,B|GR|EF449039|2003,0.0221238
HXB2,B|GR|EF449077|2003,0.0179572
HXB2,B|GR|EF449193|2004,0.0237332
HXB2,B|GR|EF449448|2005,0.0179792
HXB2,B|MQ|EU500670|2005,0.0244252
HXB2,B|MQ|EU500719|2005,0.0244358
HXB2,B|MQ|EU500720|2005,0.0213549
HXB2,B|MQ|EU515822|2003,0.0228003
HXB2,B|MQ|EU515842|2004,0.0244425
HXB2,B|MQ|EU515863|2004,0.023999
HXB2,B|US|GQ207927|2001,0.0220045
HXB2,B|US|GQ207934|2001,0.0246065
HXB2,B|US|GQ209429|2004,0.0146602
HXB2,B|US|GQ209486|2002,0.0186877
HXB2,B|US|GQ209520|2002,0.0243487
HXB2,B|US|GQ209521|2001,0.0238316
HXB2,B|US|GQ209522|2003,0.015387
HXB2,B|US|GQ209536|2003,0.0219366
HXB2,B|US|GQ209542|2004,0.0162792
HXB2,B|US|GQ209575|2004,0.021381
HXB2,B|US|GQ209648|2001,0.0227446
HXB2,B|US|GQ209649|2002,0.0130447
HXB2,B|US|GQ209683|2003,0.0227799
HXB2,B|US|GQ209685|2002,0.0220506
HXB2,B|US|GQ209706|2002,0.0245096
HXB2,B|US|GQ209714|2002,0.0187463
HXB2,B|US|GQ209719|2002,0.0227464
HXB2,B|US|GQ209731|2003,0.0228364
HXB2,B|US|GQ209735|2000,0.0238868
HXB2,B|US|GQ209737|2002,0.0238533
HXB2,B|US|GQ209743|2002,0.0244425
HXB2,B|US|GQ209757|2002,0.0178324
HXB2,B|US|GQ209758|2003,0.0228432
HXB2,B|US|GQ209761|2003,0.0247087
HXB2,B|US|GQ209769|2002,0.0238421
HXB2,B|US|GQ209771|2002,0.0206184
HXB2,B|US|GQ209790|2002,0.0210599
HXB2,B|US|GQ209798|2003,0.02444
HXB2,B|US|GQ209805|2003,0.022961
HXB2,B|US|GQ209813|2003,0.0244969
HXB2,B|US|GQ209832|2002,0.0219207
HXB2,B|US|GQ209834|2003,0.0240175
HXB2,B|US|GQ209837|2001,0.0203351
HXB2,B|US|GQ209840|2003,0.0194031
HXB2,B|US|GQ209847|2002,0.0236836
HXB2,B|US|GQ209854|2002,0.022121
HXB2,B|US|GQ209856|2001,0.0236329
HXB2,B|US|GQ209859|2001,0.0203862
HXB2,B|US|GQ209866|2002,0.0180641
HXB2,B|US|GQ209867|2003,0.0235783
HXB2,B|US|GQ209870|2002,0.0246974
HXB2,B|US|GQ209872|2003,0.0211289
HXB2,B|US|GQ209874|2003,0.0244682
HXB2,B|US|GQ209884|2003,0.0210775
HXB2,B|US|GQ209899|2002,0.0245406
HXB2,B|US|GQ209911|2003,0.0212025
HXB2,B|US|GQ209924|2003,0.0186393
HXB2,B|US|GQ209929|2003,0.0237382
HXB2,B|US|GQ209949|2003,0.0211331
HXB2,B|US|GQ209952|2002,0.0204198
HXB2,B|US|GQ209954|2002,0.0195287
HXB2,B|US|GQ209974|2003,0.0180637
HXB2,B|US|GQ209975|2002,0.0195692
HXB2,B|US|GQ209982|2002,0.0219519
HXB2,B|US|GQ209993|2003,0.021082
HXB2,B|US|GQ209995|2002,0.0202863
HXB2,B|US|GQ210012|2003,0.0237615
HXB2,B|US|GQ210014|2003,0.0245636
HXB2,B|US|GQ210022|2002,0.0179434
HXB2,B|US|GQ210023|2003,0.0221171
HXB2,B|US|GQ210024|2002,0.0220671
HXB2,B|US|GQ210025|2002,0.0205452
HXB2,B|US|GQ210038|2001,0.0231034
HXB2,B|US|GQ210039|2002,0.0244826
HXB2,B|US|GQ210040|2003,0.0181519
HXB2,B|US|GQ210052|2001,0.021216
HXB2,B|US|GQ210056|2001,0.0245732
HXB2,B|US|GQ210058|2001,0.0204664
HXB2,B|US|GQ210059|2002,0.0180398
HXB2,B|US|GQ210066|2001,0.0236331
HXB2,B|US|GQ210076|2001,0.0245093
HXB2,B|US|GQ210117|2001,0.0169565
HXB2,B|US|GQ210130|2001,0.0227714
HXB2,B|US|GQ210131|2001,0.0244339
HXB2,B|US|GQ210154|2001,0.023698
HXB2,B|US|GQ210167|2004,0.0211767
HXB2,B|US|GQ210175|2000,0.0219154
HXB2,B|US|GQ210178|2002,0.0187349
HXB2,B|US|GQ210180|2001,0.0243262
HXB2,B|US|GQ210187|2002,0.0219896
HXB2,B|US|GQ210195|2003,0.0212216
HXB2,B|US|GQ210203|2002,0.0211281
HXB2,B|US|GQ210207|2002,0.0213861
HXB2,B|US|GQ210215|2001,0.0220279
HXB2,B|US|GQ210273|2004,0.0193945
HXB2,B|US|GQ210275|2001,0.0178106
HXB2,B|FR|HQ718268|2006,0.0202063
HXB2,B|IT|JX666436|-,0.0214462
HXB2,B|IT|JX666490|-,0.0235799
HXB2,B|IT|JX666505|-,0.0232668
HXB2,B|ES|KC218975|2004,0.0213399
HXB2,B|ES|KC222009|2004,0.0181267
HXB2,B|IT|KC222011|2005,0.0246399
HXB2,B|TH|KC857162|2008,0.023665
HXB2,B|ES|AY370147|1998,0.0245812
HXB2,B|GR|EF448527|1999,0.0228257
HXB2,B|GR|EF448791|2001,0.022109
HXB2,B|GR|EF449240|2004,0.0213536
HXB2,B|SE|KC221440|2009,0.0204975
HXB2,B|ES|AF111284|1994,0.0216113
HXB2,B|FR|AF199247|-,0.0226388
HXB2,B|FR|AF199318|-,0.0226055
HXB2,B|GR|AF315765|2000,0.0234894
HXB2,B|ES|AF517031|-,0.0229189
HXB2,B|ES|AY370146|1998,0.0215287
HXB2,B|US|AY458728|1999,0.020514
HXB2,B|MX|GU291928|2003,0.0212153
HXB2,B|ES|AF102345|-,0.0187472
HXB2,B|LU|AF541429|-,0.0228769
HXB2,B|FR|AY260324|1999,0.024149
HXB2,B|FR|AY260330|1999,0.0240728
HXB2,B|FR|AY260331|1999,0.020695
HXB2,B|FR|AY260332|1999,0.0222437
HXB2,B|FR|AY260335|1999,0.0189465
HXB2,B|FR|AY260343|1999,0.0171607
HXB2,B|FR|AY260359|1999,0.0222684
HXB2,B|FR|AY260392|1999,0.024067
HXB2,B|FR|AY260398|1999,0.0240654
HXB2,B|FR|AY260404|1999,0.018833
HXB2,B|GR|AY940217|2002,0.0214645
HXB2,B|GR|AY940222|2002,0.0214496
HXB2,B|US|GQ210163|2001,0.0179847
HXB2,B|MX|GU291917|2003,0.0244793
HXB2,B|IT|KC222000|2010,0.0247933
HXB2,B|ES|KC222001|2004,0.02313
HXB2,B|ES|KC222002|2004,0.0180375
HXB2,B|ES|KC222003|2007,0.0194863
HXB2,B|JP|AB037061|-,0.0235107
HXB2,B|JP|AB037069|-,0.0235864
HXB2,B|JP|AB037071|-,0.0201485
HXB2,B|JP|AB037072|-,0.0201485
HXB2,B|JP|AB037076|-,0.0150153
HXB2,B|CZ|AF454543|-,0.024524
HXB2,B|PT|AF504575|2000,0.0230921
HXB2,B|LU|AF541391|-,0.0206216
HXB2,B|LU|AF541408|-,0.0222483
HXB2,B|GR|EF448529|1999,0.0190673
HXB2,B|FR|JQ292516|-,0.0206948
HXB2,B|PT|KC219109|2004,0.0240677
HXB2,B|IT|KC219816|2009,0.0249849
HXB2,B|IT|KC219819|2008,0.0223668
HXB2,B|IT|KC219907|2009,0.0223364
HXB2,B|IT|KC219969|2007,0.0239491
HXB2,B|IT|KC220006|2007,0.0241172
HXB2,B|IT|KC220027|2005,0.0233028
HXB2,B|IT|KC220286|2006,0.0232074
HXB2,B|IT|KC220328|2006,0.0233564
HXB2,B|IT|KC220360|2004,0.0188881
HXB2,B|IT|KC220375|2004,0.0241671
HXB2,B|IT|KC220384|2008,0.0222636
HXB2,B|IT|KC220401|2004,0.0197457
HXB2,B|IT|KC220467|2010,0.0214993
HXB2,B|IT|KC220505|2007,0.0224039
HXB2,B|IT|KC220561|2007,0.0241242
HXB2,B|IT|KC220661|2010,0.024119
HXB2,B|IT|KC220723|2006,0.0223047
HXB2,B|IT|KC220743|2007,0.0189398
HXB2,B|IT|KC220779|2006,0.0240688
HXB2,B|IT|KC220834|2010,0.0225209
HXB2,B|IT|KC220850|2009,0.0215333
HXB2,B|IT|KC220860|2008,0.022606
HXB2,B|IT|KC220883|2008,0.0225596
HXB2,B|IT|KC220909|2005,0.0241224
HXB2,B|IT|KC220914|2005,0.0209344
HXB2,B|IT|KC220953|2005,0.024319
HXB2,B|IT|KC220978|2005,0.0199002
HXB2,B|IT|KC220980|2007,0.0226693
HXB2,B|IT|KC221004|2005,0.0234346
HXB2,B|IT|KC221009|2006,0.0242516
HXB2,B|IT|KC221024|2005,0.023512
HXB2,B|IT|KC221054|2007,0.0216427
HXB2,B|IT|KC221078|2009,0.0239909
HXB2,B|IT|KC221083|2004,0.0243603
HXB2,B|IT|KC221117|2006,0.0242396
HXB2,B|IT|KC221149|2006,0.0189416
HXB2,B|DE|KC221249|2005,0.0248757
HXB2,B|DE|KC221279|2002,0.0218748
HXB2,B|DE|KC221305|2007,0.0198886
HXB2,B|DE|KC221328|2009,0.0209827
HXB2,B|SE|KC221432|2009,0.0241631
HXB2,B|SE|KC221434|2009,0.0217251
HXB2,B|SE|KC221456|2009,0.0222616
HXB2,B|LU|KC221460|2003,0.02208
HXB2,B|LU|KC221486|2008,0.0241128
HXB2,B|ES|KC221521|2009,0.0241173
HXB2,B|ES|KC221537|2008,0.0171264
HXB2,B|ES|KC221538|2008,0.0224687
HXB2,B|ES|KC221557|2009,0.0163036
HXB2,B|ES|KC221579|2008,0.0198216
HXB2,B|ES|KC221583|2003,0.0189086
HXB2,B|ES|KC221589|2008,0.020785
HXB2,B|IT|KC221642|2004,0.0241671
HXB2,B|IT|KC221686|2004,0.0188881
HXB2,B|IT|KC221699|2004,0.0197457
HXB2,B|IT|KC221766|2006,0.0197797
HXB2,B|IR|KF029568|2011,0.0207355
HXB2,B|IR|KF029572|2011,0.0215969
HXB2,B|IR|KF029576|2011,0.0232755
HXB2,B|IR|KF029581|2011,0.0206287
HXB2,B|IR|KF029583|2011,0.0206287
HXB2,B|IR|KF029588|2011,0.0206287
HXB2,B|US|AF090498|1994,0.0249943
HXB2,B|ES|AF111287|1995,0.0239147
HXB2,B|FR|AF199251|-,0.0169452
HXB2,B|FR|AF199268|-,0.0169505
HXB2,B|FR|AF199321|-,0.020811
HXB2,B|US|AF320525|1996,0.017274
HXB2,B|US|AF320528|1996,0.0180614
HXB2,B|PT|AF504599|2000,0.0200872
HXB2,B|FR|AF509259|-,0.0217453
HXB2,B|FR|AF509291|-,0.0200444
HXB2,B|FR|AF509307|-,0.0234302
HXB2,B|LU|AF541315|-,0.0162287
HXB2,B|LU|AY063263|-,0.0172659
HXB2,B|FR|AY260193|1999,0.0246557
HXB2,B|FR|AY260198|1999,0.0248842
HXB2,B|FR|AY260221|1999,0.0246523
HXB2,B|FR|AY260248|1999,0.0227285
HXB2,B|FR|AY260253|1999,0.0227287
HXB2,B|FR|AY260256|1999,0.0249079
HXB2,B|FR|AY260260|1999,0.0227496
HXB2,B|FR|AY260263|1999,0.0246755
HXB2,B|FR|AY260264|1999,0.0209444
HXB2,B|FR|AY260273|1999,0.0247907
HXB2,B|FR|AY260295|1999,0.0246535
HXB2,B|FR|AY260297|1999,0.0208135
HXB2,B|DZ|AY828614|2003,0.0149286
HXB2,B|BR|DQ539750|2002,0.0221789
HXB2,B|GR|EF449174|2004,0.0230235
HXB2,B|MX|GU291932|2003,0.0246148
HXB2,B|FR|JQ291939|-,0.0234204
HXB2,B|FR|JQ292119|-,0.0148952
HXB2,B|DO|DQ023730|2003,0.0196228
HXB2,B|GP|DQ023808|2000,0.00787944
HXB2,B|GP|DQ023810|2000,0.0113799
HXB2,B|GP|DQ023812|2000,0.0034949
HXB2,B|GP|DQ023813|2000,0.023923
HXB2,B|GP|DQ023829|2001,0.0177353
HXB2,B|GP|DQ023840|2001,0.00525008
HXB2,B|GP|DQ023853|2001,0.0213176
HXB2,B|GP|DQ023864|2001,0.0221936
HXB2,B|GP|DQ023871|2001,0.0186233
HXB2,B|GP|DQ023882|2002,0.0133067
HXB2,B|GP|DQ023997|2004,0.0158944
HXB2,B|MQ|DQ024020|1999,0.0239089
HXB2,B|MQ|DQ024021|1999,0.0175806
HXB2,B|MQ|DQ024024|1999,0.0213219
HXB2,B|MQ|DQ024057|1999,0.0248402
HXB2,B|MQ|DQ024062|1999,0.0239296
HXB2,B|MQ|DQ024084|2000,0.0194739
HXB2,B|MQ|DQ024106|2001,0.0241203
HXB2,B|MQ|DQ024200|2003,0.0194752
HXB2,B|MQ|DQ024209|2003,0.023257
HXB2,B|MQ|DQ024235|2003,0.0249774
HXB2,B|MQ|DQ024238|2003,0.0249014
HXB2,B|MQ|DQ024259|2003,0.0231519
HXB2,B|MQ|DQ024276|2003,0.0233069
HXB2,B|MQ|DQ024277|2003,0.0222731
HXB2,B|MQ|DQ024278|2003,0.023205
HXB2,B|MQ|DQ024287|2004,0.0242948
HXB2,B|MQ|DQ024291|2004,0.0231476
HXB2,B|MQ|DQ024293|2004,0.0248636
HXB2,B|MQ|DQ024295|2004,0.0230516
HXB2,B|MQ|DQ024304|2004,0.0230382
HXB2,B|PR|DQ024343|2000,0.00437561
HXB2,B|PR|DQ024358|2000,0.0193921
HXB2,B|PR|DQ024371|2000,0.0152396
HXB2,B|PR|DQ024391|2000,0.0242105
HXB2,B|PR|DQ024395|2001,0.00609187
HXB2,B|PR|DQ024404|2001,0.0240958
HXB2,B|PR|DQ024420|2001,0.0232845
HXB2,B|PR|DQ024444|2001,0.0115468
HXB2,B|PR|DQ024445|2001,0.0223831
HXB2,B|PR|DQ024457|2001,0.0248355
HXB2,B|PR|DQ024458|2001,0.0212577
HXB2,B|PR|DQ024461|2001,0.0222049
HXB2,B|PR|DQ024464|2001,0.0221809
HXB2,B|PR|DQ024466|2001,0.024134
HXB2,B|PR|DQ024473|2001,0.0205087
HXB2,B|PR|DQ024481|2001,0.0239381
HXB2,B|PR|DQ024491|2001,0.0249053
HXB2,B|PR|DQ024493|2001,0.0195851
HXB2,B|PR|DQ024494|2001,0.0230752
HXB2,B|PR|DQ024498|2001,0.0224197
HXB2,B|PR|DQ024514|2001,0.024029
HXB2,B|PR|DQ024529|2001,0.023121
HXB2,B|PR|DQ024536|2001,0.0185139
HXB2,B|PR|DQ024539|2001,0.0169141
HXB2,B|PR|DQ024540|2001,0.0124498
HXB2,B|PR|DQ024541|2001,0.0241254
HXB2,B|PR|DQ024542|2001,0.018579
HXB2,B|PR|DQ024548|2001,0.0196014
HXB2,B|PR|DQ024558|2001,0.0247811
HXB2,B|PR|DQ024569|2001,0.0140087
HXB2,B|PR|DQ024578|2001,0.0195024
HXB2,B|PR|DQ024579|2001,0.0220888
HXB2,B|PR|DQ024585|2001,0.0212572
HXB2,B|PR|DQ024590|2001,0.0229802
HXB2,B|PR|DQ024606|2001,0.0168284
HXB2,B|PR|DQ024607|2001,0.0240757
HXB2,B|PR|DQ024621|2001,0.0159626
HXB2,B|PR|DQ024636|2001,0.0169342
HXB2,B|PR|DQ024644|2001,0.0150594
HXB2,B|PR|DQ024650|2001,0.0205101
HXB2,B|PR|DQ024748|2002,0.0249429
HXB2,B|PR|DQ024755|2002,0.00963799
HXB2,B|PR|DQ024810|2002,0.0249238
HXB2,B|PR|DQ024811|2002,0.0160936
HXB2,B|PR|DQ024818|2002,0.0249581
HXB2,B|PR|DQ024838|2002,0.0231346
HXB2,B|PR|DQ024853|2002,0.0178274
HXB2,B|PR|DQ024864|2002,0.0187139
HXB2,B|PR|DQ024865|2002,0.0231129
HXB2,B|PR|DQ024873|2002,0.0249242
HXB2,B|PR|DQ024896|2003,0.0160281
HXB2,B|PR|DQ024899|2003,0.0214078
HXB2,B|PR|DQ024914|2003,0.0221561
HXB2,B|PR|DQ024916|2003,0.024035
HXB2,B|PR|DQ024921|2003,0.020539
HXB2,B|PR|DQ024946|2003,0.024981
HXB2,B|PR|DQ024950|2003,0.0204274
HXB2,B|PR|DQ024983|2003,0.0232301
HXB2,B|PR|DQ025021|2003,0.022164
HXB2,B|PR|DQ025033|2003,0.0212859
HXB2,B|PR|DQ025054|2003,0.0214943
HXB2,B|PR|DQ025073|2003,0.0178377
HXB2,B|PR|DQ025083|2003,0.0224708
HXB2,B|PR|DQ025207|2003,0.0216038
HXB2,B|PR|DQ025212|2003,0.0195705
HXB2,B|PR|DQ025250|2004,0.00697467
HXB2,B|PR|DQ025251|2004,0.0249285
HXB2,B|PR|DQ025314|2004,0.0221826
HXB2,B|VI|DQ025318|2003,0.0249433
HXB2,B|VI|DQ025346|2003,0.0141676
HXB2,B|VI|DQ025354|2003,0.0238546
HXB2,B|GF|DQ025405|2001,0.016823
HXB2,B|GF|DQ025420|2001,0.0105417
HXB2,B|GF|DQ025428|2001,0.0248804
HXB2,B|GF|DQ025468|2002,0.0241743
HXB2,B|IR|KF029575|2011,0.0189843
HXB2,B|LU|AF541298|-,0.0237967
HXB2,B|GR|EF448700|2000,0.02478
HXB2,B|GR|EF448903|2002,0.00858192
HXB2,B|GR|EF449117|2004,0.0222398
HXB2,B|SR|HQ164357|-,0.0221358
HXB2,B|SR|HQ164358|-,0.0242559
HXB2,B|SR|HQ164359|-,0.0241322
HXB2,B|MQ|HQ164386|-,0.0221373
HXB2,B|MQ|HQ164390|-,0.0201075
HXB2,B|HT|HQ171868|-,0.0231283
HXB2,B|PR|HQ171880|-,0.0104231
HXB2,B|PR|HQ171881|-,0.00658476
HXB2,B|PR|HQ171882|-,0.00753987
HXB2,B|PR|HQ171890|-,0.0162613
HXB2,B|PR|HQ171891|-,0.0230108
HXB2,B|MQ|JF937454|-,0.0221132
HXB2,B|SR|JF949920|-,0.0221358
HXB2,B|SR|JF949921|-,0.0242559
HXB2,B|SR|JF949922|-,0.0241322
HXB2,B|BS|JN135094|-,0.024131
HXB2,B|JM|JN135126|-,0.0239471
HXB2,B|CA|JN135162|-,0.0249398
HXB2,B|PR|JN584304|2003,0.0232328
HXB2,B|PR|JN584321|2003,0.0240303
HXB2,B|PR|JN584379|2007,0.0212105
HXB2,B|PR|JN584381|2007,0.0233957
HXB2,B|PR|JN584383|2007,0.0164926
HXB2,B|PR|JN584384|2007,0.0211278
HXB2,B|PR|JN584465|2011,0.0233075
HXB2,B|PR|JN584471|2011,0.0233043
HXB2,B|PR|AY334826|-,0.0236264
HXB2,B|PR|JF937498|-,0.024527
HXB2,B|BE|AY357034|-,0.0248004
HXB2,B|LU|AF541296|-,0.0168083
HXB2,B|GR|EF448745|2000,0.0235789
HXB2,B|GR|EF448901|2002,0.0213262
HXB2,B|PR|KC865074|2001,0.0223876
HXB2,B|PR|KC865108|2003,0.0244918
HXB2,B|PR|KC865175|2007,0.021333
HXB2,B|PR|KC865176|2007,0.0235338
HXB2,B|PR|KC865177|2007,0.0165887
HXB2,B|PR|KC865178|2007,0.0212486
HXB2,B|PR|KC865184|2007,0.0203018
HXB2,B|PR|KC865186|2007,0.0212837
HXB2,B|PR|KC865188|2007,0.0222372
HXB2,B|PR|KC865242|2010,0.0233675
HXB2,B|PR|KC865256|2011,0.0234437
HXB2,B|PR|KC865260|2011,0.0234418
HXB2,B|PR|KC865262|2011,0.0213775
HXB2,B|PR|KC865269|2011,0.0243246
HXB2,B|GR|EF448874|2001,0.0243128
HXB2,B|LU|AF541344|-,0.0183095
HXB2,B|AR|AF308493|-,0.0234498
HXB2,B|AR|AF308494|-,0.0194525
HXB2,B|AR|AF308496|-,0.0154999
HXB2,B|AR|AF308506|-,0.0193865
HXB2,B|AR|AF308507|-,0.0233123
HXB2,B|LU|AF541326|-,0.0241346
HXB2,B|GB|AY042725|1995,0.0177164
HXB2,B|GB|AY042729|1995,0.0195695
HXB2,B|GB|AY042731|1995,0.0195892
HXB2,B|GB|AY042733|1995,0.0223
HXB2,B|GB|AY042735|1995,0.0204845
HXB2,B|GB|AY042745|1995,0.0177321
HXB2,B|GB|AY042749|1995,0.0232356
HXB2,B|GB|AY042751|1995,0.0123626
HXB2,02_AG|FR|FJ550012|2007,0.0184776
HXB2,B|FR|JQ614546|2011,0.0248379
HXB2,B|FR|JQ614908|2011,0.0249006
HXB2,B|ES|AY370140|1998,0.0189395
HXB2,B|AU|DQ409402|-,0.0154415
HXB2,B|AU|DQ409461|-,0.0234214
HXB2,B|AU|DQ409516|-,0.0144631
HXB2,B|AU|DQ409650|-,0.0233286
HXB2,B|AU|DQ409735|-,0.0249179
HXB2,B|AU|DQ409751|-,0.0228994
HXB2,B|JP|D21166|-,0.0174133
HXB2,B|JP|D21167|-,0.0245387
HXB2,B|JP|D21168|-,0.0227357
HXB2,B|JP|D21169|-,0.0209423
HXB2,B|JP|D21170|-,0.024524
HXB2,B|AU|DQ409741|-,0.0242992
HXB2,B|AU|DQ409756|-,0.020143
HXB2,B|GR|EF448915|2002,0.0177981
HXB2,B|AU|DQ409371|-,0.0185116
HXB2,B|DE|AF347152|2000,0.0191935
HXB2,B|US|M92999|-,0.0249726
HXB2,B|BE|X75205|-,0.0237497
HXB2,B|DE|AF347250|2000,0.0184008
HXB2,B|BE|Z26587|-,0.00465295
HXB2,B|BE|Z26585|-,0.012484
HXB2,B|BE|Z26589|-,0.0234588
HXB2,B|US|AF292885|-,0.0223644
HXB2,B|BE|Z26586|-,0.0223456
HXB2,B|GB|FJ645488|-,0.0136163
HXB2,B|FI|FJ645535|2002,0.0244145
HXB2,B|GB|FJ645467|1994,0.00314944
HXB2,B|GB|FJ645470|2001,0.00917289
HXB2,B|US|AF121571|1993,0.024963
HXB2,B|US|KC470327|2011,0.0241121
